2025-06-20T01:03:45.398+05:30  WARN 3172 --- [flipkart] [HikariPool-1:housekeeper] com.zaxxer.hikari.pool.HikariPool        : HikariPool-1 - Thread starvation or clock leap detected (housekeeper delta=3h26s77ms351µs500ns).
2025-06-20T09:16:29.070+05:30  WARN 3172 --- [flipkart] [HikariPool-1:housekeeper] com.zaxxer.hikari.pool.HikariPool        : HikariPool-1 - Thread starvation or clock leap detected (housekeeper delta=8h12m56s70ms723µs800ns).
2025-06-20T09:25:34.077+05:30  INFO 3172 --- [flipkart] [SpringApplicationShutdownHook] o.s.b.w.e.tomcat.GracefulShutdown        : Commencing graceful shutdown. Waiting for active requests to complete
2025-06-20T09:25:34.094+05:30  INFO 3172 --- [flipkart] [tomcat-shutdown] o.s.b.w.e.tomcat.GracefulShutdown        : Graceful shutdown complete
2025-06-20T09:25:34.123+05:30  INFO 3172 --- [flipkart] [SpringApplicationShutdownHook] j.LocalContainerEntityManagerFactoryBean : Closing JPA EntityManagerFactory for persistence unit 'default'
2025-06-20T09:25:34.133+05:30  INFO 3172 --- [flipkart] [SpringApplicationShutdownHook] com.zaxxer.hikari.HikariDataSource       : HikariPool-1 - Shutdown initiated...
2025-06-20T09:25:34.150+05:30  INFO 3172 --- [flipkart] [SpringApplicationShutdownHook] com.zaxxer.hikari.HikariDataSource       : HikariPool-1 - Shutdown completed.
2025-06-20T09:25:52.320+05:30  INFO 2924 --- [flipkart] [main] c.example.flipkart.FlipkartApplication   : Starting FlipkartApplication using Java 23.0.1 with PID 2924 (C:\Users\Neosoft\Downloads\flipkart\flipkart\target\classes started by Neosoft in C:\Users\Neosoft\Downloads\flipkart\flipkart)
2025-06-20T09:25:52.324+05:30 DEBUG 2924 --- [flipkart] [main] c.example.flipkart.FlipkartApplication   : Running with Spring Boot v3.5.0, Spring v6.2.7
2025-06-20T09:25:52.327+05:30  INFO 2924 --- [flipkart] [main] c.example.flipkart.FlipkartApplication   : No active profile set, falling back to 1 default profile: "default"
2025-06-20T09:25:57.825+05:30  INFO 2924 --- [flipkart] [main] .s.d.r.c.RepositoryConfigurationDelegate : Bootstrapping Spring Data JPA repositories in DEFAULT mode.
2025-06-20T09:25:58.075+05:30  INFO 2924 --- [flipkart] [main] .s.d.r.c.RepositoryConfigurationDelegate : Finished Spring Data repository scanning in 222 ms. Found 2 JPA repository interfaces.
2025-06-20T09:26:00.962+05:30  INFO 2924 --- [flipkart] [main] o.s.b.w.embedded.tomcat.TomcatWebServer  : Tomcat initialized with port 8080 (http)
2025-06-20T09:26:01.004+05:30  INFO 2924 --- [flipkart] [main] o.apache.catalina.core.StandardService   : Starting service [Tomcat]
2025-06-20T09:26:01.006+05:30  INFO 2924 --- [flipkart] [main] o.apache.catalina.core.StandardEngine    : Starting Servlet engine: [Apache Tomcat/10.1.41]
2025-06-20T09:26:01.172+05:30  INFO 2924 --- [flipkart] [main] o.a.c.c.C.[Tomcat].[localhost].[/]       : Initializing Spring embedded WebApplicationContext
2025-06-20T09:26:01.174+05:30  INFO 2924 --- [flipkart] [main] w.s.c.ServletWebServerApplicationContext : Root WebApplicationContext: initialization completed in 8606 ms
2025-06-20T09:26:02.694+05:30  INFO 2924 --- [flipkart] [main] o.hibernate.jpa.internal.util.LogHelper  : HHH000204: Processing PersistenceUnitInfo [name: default]
2025-06-20T09:26:02.964+05:30  INFO 2924 --- [flipkart] [main] org.hibernate.Version                    : HHH000412: Hibernate ORM core version 6.6.15.Final
2025-06-20T09:26:03.069+05:30  INFO 2924 --- [flipkart] [main] o.h.c.internal.RegionFactoryInitiator    : HHH000026: Second-level cache disabled
2025-06-20T09:26:04.017+05:30  INFO 2924 --- [flipkart] [main] o.s.o.j.p.SpringPersistenceUnitInfo      : No LoadTimeWeaver setup: ignoring JPA class transformer
2025-06-20T09:26:04.100+05:30  INFO 2924 --- [flipkart] [main] com.zaxxer.hikari.HikariDataSource       : HikariPool-1 - Starting...
2025-06-20T09:26:05.284+05:30  INFO 2924 --- [flipkart] [main] com.zaxxer.hikari.pool.HikariPool        : HikariPool-1 - Added connection com.mysql.cj.jdbc.ConnectionImpl@519b0f00
2025-06-20T09:26:05.288+05:30  INFO 2924 --- [flipkart] [main] com.zaxxer.hikari.HikariDataSource       : HikariPool-1 - Start completed.
2025-06-20T09:26:05.507+05:30  WARN 2924 --- [flipkart] [main] org.hibernate.orm.deprecation            : HHH90000025: MySQLDialect does not need to be specified explicitly using 'hibernate.dialect' (remove the property setting and it will be selected by default)
2025-06-20T09:26:05.638+05:30  INFO 2924 --- [flipkart] [main] org.hibernate.orm.connections.pooling    : HHH10001005: Database info:
	Database JDBC URL [Connecting through datasource 'HikariDataSource (HikariPool-1)']
	Database driver: undefined/unknown
	Database version: 8.0.40
	Autocommit mode: undefined/unknown
	Isolation level: undefined/unknown
	Minimum pool size: undefined/unknown
	Maximum pool size: undefined/unknown
2025-06-20T09:26:08.191+05:30  INFO 2924 --- [flipkart] [main] o.h.e.t.j.p.i.JtaPlatformInitiator       : HHH000489: No JTA platform available (set 'hibernate.transaction.jta.platform' to enable JTA platform integration)
2025-06-20T09:26:08.377+05:30  INFO 2924 --- [flipkart] [main] j.LocalContainerEntityManagerFactoryBean : Initialized JPA EntityManagerFactory for persistence unit 'default'
2025-06-20T09:26:09.574+05:30  INFO 2924 --- [flipkart] [main] o.s.d.j.r.query.QueryEnhancerFactory     : Hibernate is in classpath; If applicable, HQL parser will be used.
2025-06-20T09:26:11.188+05:30  WARN 2924 --- [flipkart] [main] JpaBaseConfiguration$JpaWebConfiguration : spring.jpa.open-in-view is enabled by default. Therefore, database queries may be performed during view rendering. Explicitly configure spring.jpa.open-in-view to disable this warning
2025-06-20T09:26:12.358+05:30  WARN 2924 --- [flipkart] [main] i.m.c.i.b.cache.CaffeineCacheMetrics     : The cache 'products' is not recording statistics. No meters except 'cache.size' will be registered. Call 'Caffeine#recordStats()' prior to building the cache for metrics to be recorded.
2025-06-20T09:26:12.568+05:30  INFO 2924 --- [flipkart] [main] o.s.b.a.e.web.EndpointLinksResolver      : Exposing 14 endpoints beneath base path '/actuator'
2025-06-20T09:26:12.788+05:30  INFO 2924 --- [flipkart] [main] o.s.b.w.embedded.tomcat.TomcatWebServer  : Tomcat started on port 8080 (http) with context path '/'
2025-06-20T09:26:12.827+05:30  INFO 2924 --- [flipkart] [main] c.example.flipkart.FlipkartApplication   : Started FlipkartApplication in 21.833 seconds (process running for 24.116)
2025-06-20T09:26:52.076+05:30  INFO 2924 --- [flipkart] [http-nio-8080-exec-1] o.a.c.c.C.[Tomcat].[localhost].[/]       : Initializing Spring DispatcherServlet 'dispatcherServlet'
2025-06-20T09:26:52.076+05:30  INFO 2924 --- [flipkart] [http-nio-8080-exec-1] o.s.web.servlet.DispatcherServlet        : Initializing Servlet 'dispatcherServlet'
2025-06-20T09:26:52.079+05:30  INFO 2924 --- [flipkart] [http-nio-8080-exec-1] o.s.web.servlet.DispatcherServlet        : Completed initialization in 3 ms
2025-06-20T09:26:52.406+05:30  INFO 2924 --- [flipkart] [http-nio-8080-exec-1] c.e.flipkart.Service.ProductService      : inside getAllProducts[com.example.flipkart.Entity.Product@151a81f5, com.example.flipkart.Entity.Product@2389e507, com.example.flipkart.Entity.Product@54f77bb8]
2025-06-20T09:27:42.964+05:30  INFO 2924 --- [flipkart] [SpringApplicationShutdownHook] o.s.b.w.e.tomcat.GracefulShutdown        : Commencing graceful shutdown. Waiting for active requests to complete
2025-06-20T09:27:42.972+05:30  INFO 2924 --- [flipkart] [tomcat-shutdown] o.s.b.w.e.tomcat.GracefulShutdown        : Graceful shutdown complete
2025-06-20T09:27:42.982+05:30  INFO 2924 --- [flipkart] [SpringApplicationShutdownHook] j.LocalContainerEntityManagerFactoryBean : Closing JPA EntityManagerFactory for persistence unit 'default'
2025-06-20T09:27:42.988+05:30  INFO 2924 --- [flipkart] [SpringApplicationShutdownHook] com.zaxxer.hikari.HikariDataSource       : HikariPool-1 - Shutdown initiated...
2025-06-20T09:27:43.007+05:30  INFO 2924 --- [flipkart] [SpringApplicationShutdownHook] com.zaxxer.hikari.HikariDataSource       : HikariPool-1 - Shutdown completed.
2025-06-20T09:27:49.558+05:30  INFO 732 --- [flipkart] [main] c.example.flipkart.FlipkartApplication   : Starting FlipkartApplication using Java 23.0.1 with PID 732 (C:\Users\Neosoft\Downloads\flipkart\flipkart\target\classes started by Neosoft in C:\Users\Neosoft\Downloads\flipkart\flipkart)
2025-06-20T09:27:49.568+05:30 DEBUG 732 --- [flipkart] [main] c.example.flipkart.FlipkartApplication   : Running with Spring Boot v3.5.0, Spring v6.2.7
2025-06-20T09:27:49.569+05:30  INFO 732 --- [flipkart] [main] c.example.flipkart.FlipkartApplication   : No active profile set, falling back to 1 default profile: "default"
2025-06-20T09:27:52.673+05:30  INFO 732 --- [flipkart] [main] .s.d.r.c.RepositoryConfigurationDelegate : Bootstrapping Spring Data JPA repositories in DEFAULT mode.
2025-06-20T09:27:52.845+05:30  INFO 732 --- [flipkart] [main] .s.d.r.c.RepositoryConfigurationDelegate : Finished Spring Data repository scanning in 146 ms. Found 2 JPA repository interfaces.
2025-06-20T09:27:54.462+05:30  INFO 732 --- [flipkart] [main] o.s.b.w.embedded.tomcat.TomcatWebServer  : Tomcat initialized with port 8080 (http)
2025-06-20T09:27:54.505+05:30  INFO 732 --- [flipkart] [main] o.apache.catalina.core.StandardService   : Starting service [Tomcat]
2025-06-20T09:27:54.506+05:30  INFO 732 --- [flipkart] [main] o.apache.catalina.core.StandardEngine    : Starting Servlet engine: [Apache Tomcat/10.1.41]
2025-06-20T09:27:54.672+05:30  INFO 732 --- [flipkart] [main] o.a.c.c.C.[Tomcat].[localhost].[/]       : Initializing Spring embedded WebApplicationContext
2025-06-20T09:27:54.675+05:30  INFO 732 --- [flipkart] [main] w.s.c.ServletWebServerApplicationContext : Root WebApplicationContext: initialization completed in 4880 ms
2025-06-20T09:27:55.483+05:30  INFO 732 --- [flipkart] [main] o.hibernate.jpa.internal.util.LogHelper  : HHH000204: Processing PersistenceUnitInfo [name: default]
2025-06-20T09:27:55.611+05:30  INFO 732 --- [flipkart] [main] org.hibernate.Version                    : HHH000412: Hibernate ORM core version 6.6.15.Final
2025-06-20T09:27:55.693+05:30  INFO 732 --- [flipkart] [main] o.h.c.internal.RegionFactoryInitiator    : HHH000026: Second-level cache disabled
2025-06-20T09:27:56.402+05:30  INFO 732 --- [flipkart] [main] o.s.o.j.p.SpringPersistenceUnitInfo      : No LoadTimeWeaver setup: ignoring JPA class transformer
2025-06-20T09:27:56.471+05:30  INFO 732 --- [flipkart] [main] com.zaxxer.hikari.HikariDataSource       : HikariPool-1 - Starting...
2025-06-20T09:27:57.226+05:30  INFO 732 --- [flipkart] [main] com.zaxxer.hikari.pool.HikariPool        : HikariPool-1 - Added connection com.mysql.cj.jdbc.ConnectionImpl@7977f046
2025-06-20T09:27:57.230+05:30  INFO 732 --- [flipkart] [main] com.zaxxer.hikari.HikariDataSource       : HikariPool-1 - Start completed.
2025-06-20T09:27:57.368+05:30  WARN 732 --- [flipkart] [main] org.hibernate.orm.deprecation            : HHH90000025: MySQLDialect does not need to be specified explicitly using 'hibernate.dialect' (remove the property setting and it will be selected by default)
2025-06-20T09:27:57.427+05:30  INFO 732 --- [flipkart] [main] org.hibernate.orm.connections.pooling    : HHH10001005: Database info:
	Database JDBC URL [Connecting through datasource 'HikariDataSource (HikariPool-1)']
	Database driver: undefined/unknown
	Database version: 8.0.40
	Autocommit mode: undefined/unknown
	Isolation level: undefined/unknown
	Minimum pool size: undefined/unknown
	Maximum pool size: undefined/unknown
2025-06-20T09:27:59.380+05:30  INFO 732 --- [flipkart] [main] o.h.e.t.j.p.i.JtaPlatformInitiator       : HHH000489: No JTA platform available (set 'hibernate.transaction.jta.platform' to enable JTA platform integration)
2025-06-20T09:27:59.483+05:30  INFO 732 --- [flipkart] [main] j.LocalContainerEntityManagerFactoryBean : Initialized JPA EntityManagerFactory for persistence unit 'default'
2025-06-20T09:28:00.116+05:30  INFO 732 --- [flipkart] [main] o.s.d.j.r.query.QueryEnhancerFactory     : Hibernate is in classpath; If applicable, HQL parser will be used.
2025-06-20T09:28:01.490+05:30  WARN 732 --- [flipkart] [main] JpaBaseConfiguration$JpaWebConfiguration : spring.jpa.open-in-view is enabled by default. Therefore, database queries may be performed during view rendering. Explicitly configure spring.jpa.open-in-view to disable this warning
2025-06-20T09:28:02.464+05:30  WARN 732 --- [flipkart] [main] i.m.c.i.b.cache.CaffeineCacheMetrics     : The cache 'products' is not recording statistics. No meters except 'cache.size' will be registered. Call 'Caffeine#recordStats()' prior to building the cache for metrics to be recorded.
2025-06-20T09:28:02.673+05:30  INFO 732 --- [flipkart] [main] o.s.b.a.e.web.EndpointLinksResolver      : Exposing 14 endpoints beneath base path '/actuator'
2025-06-20T09:28:02.853+05:30  INFO 732 --- [flipkart] [main] o.s.b.w.embedded.tomcat.TomcatWebServer  : Tomcat started on port 8080 (http) with context path '/'
2025-06-20T09:28:02.889+05:30  INFO 732 --- [flipkart] [main] c.example.flipkart.FlipkartApplication   : Started FlipkartApplication in 14.886 seconds (process running for 15.783)
2025-06-20T09:30:18.360+05:30  INFO 732 --- [flipkart] [SpringApplicationShutdownHook] o.s.b.w.e.tomcat.GracefulShutdown        : Commencing graceful shutdown. Waiting for active requests to complete
2025-06-20T09:30:18.371+05:30  INFO 732 --- [flipkart] [tomcat-shutdown] o.s.b.w.e.tomcat.GracefulShutdown        : Graceful shutdown complete
2025-06-20T09:30:18.384+05:30  INFO 732 --- [flipkart] [SpringApplicationShutdownHook] j.LocalContainerEntityManagerFactoryBean : Closing JPA EntityManagerFactory for persistence unit 'default'
2025-06-20T09:30:18.387+05:30  INFO 732 --- [flipkart] [SpringApplicationShutdownHook] com.zaxxer.hikari.HikariDataSource       : HikariPool-1 - Shutdown initiated...
2025-06-20T09:30:18.405+05:30  INFO 732 --- [flipkart] [SpringApplicationShutdownHook] com.zaxxer.hikari.HikariDataSource       : HikariPool-1 - Shutdown completed.
2025-06-20T09:32:51.252+05:30  INFO 10724 --- [flipkart] [main] c.example.flipkart.FlipkartApplication   : Starting FlipkartApplication using Java 23.0.1 with PID 10724 (C:\Users\Neosoft\Downloads\flipkart\flipkart\target\classes started by Neosoft in C:\Users\Neosoft\Downloads\flipkart\flipkart)
2025-06-20T09:32:51.262+05:30 DEBUG 10724 --- [flipkart] [main] c.example.flipkart.FlipkartApplication   : Running with Spring Boot v3.5.0, Spring v6.2.7
2025-06-20T09:32:51.265+05:30  INFO 10724 --- [flipkart] [main] c.example.flipkart.FlipkartApplication   : No active profile set, falling back to 1 default profile: "default"
2025-06-20T09:32:55.730+05:30  INFO 10724 --- [flipkart] [main] .s.d.r.c.RepositoryConfigurationDelegate : Bootstrapping Spring Data JPA repositories in DEFAULT mode.
2025-06-20T09:32:55.908+05:30  INFO 10724 --- [flipkart] [main] .s.d.r.c.RepositoryConfigurationDelegate : Finished Spring Data repository scanning in 152 ms. Found 2 JPA repository interfaces.
2025-06-20T09:32:57.879+05:30  INFO 10724 --- [flipkart] [main] o.s.b.w.embedded.tomcat.TomcatWebServer  : Tomcat initialized with port 8080 (http)
2025-06-20T09:32:57.935+05:30  INFO 10724 --- [flipkart] [main] o.apache.catalina.core.StandardService   : Starting service [Tomcat]
2025-06-20T09:32:57.936+05:30  INFO 10724 --- [flipkart] [main] o.apache.catalina.core.StandardEngine    : Starting Servlet engine: [Apache Tomcat/10.1.41]
2025-06-20T09:32:58.150+05:30  INFO 10724 --- [flipkart] [main] o.a.c.c.C.[Tomcat].[localhost].[/]       : Initializing Spring embedded WebApplicationContext
2025-06-20T09:32:58.153+05:30  INFO 10724 --- [flipkart] [main] w.s.c.ServletWebServerApplicationContext : Root WebApplicationContext: initialization completed in 6647 ms
2025-06-20T09:32:59.466+05:30  INFO 10724 --- [flipkart] [main] o.hibernate.jpa.internal.util.LogHelper  : HHH000204: Processing PersistenceUnitInfo [name: default]
2025-06-20T09:32:59.874+05:30  INFO 10724 --- [flipkart] [main] org.hibernate.Version                    : HHH000412: Hibernate ORM core version 6.6.15.Final
2025-06-20T09:32:59.973+05:30  INFO 10724 --- [flipkart] [main] o.h.c.internal.RegionFactoryInitiator    : HHH000026: Second-level cache disabled
2025-06-20T09:33:01.000+05:30  INFO 10724 --- [flipkart] [main] o.s.o.j.p.SpringPersistenceUnitInfo      : No LoadTimeWeaver setup: ignoring JPA class transformer
2025-06-20T09:33:01.085+05:30  INFO 10724 --- [flipkart] [main] com.zaxxer.hikari.HikariDataSource       : HikariPool-1 - Starting...
2025-06-20T09:33:02.675+05:30  INFO 10724 --- [flipkart] [main] com.zaxxer.hikari.pool.HikariPool        : HikariPool-1 - Added connection com.mysql.cj.jdbc.ConnectionImpl@1859e55c
2025-06-20T09:33:02.680+05:30  INFO 10724 --- [flipkart] [main] com.zaxxer.hikari.HikariDataSource       : HikariPool-1 - Start completed.
2025-06-20T09:33:02.798+05:30  WARN 10724 --- [flipkart] [main] org.hibernate.orm.deprecation            : HHH90000025: MySQLDialect does not need to be specified explicitly using 'hibernate.dialect' (remove the property setting and it will be selected by default)
2025-06-20T09:33:02.845+05:30  INFO 10724 --- [flipkart] [main] org.hibernate.orm.connections.pooling    : HHH10001005: Database info:
	Database JDBC URL [Connecting through datasource 'HikariDataSource (HikariPool-1)']
	Database driver: undefined/unknown
	Database version: 8.0.40
	Autocommit mode: undefined/unknown
	Isolation level: undefined/unknown
	Minimum pool size: undefined/unknown
	Maximum pool size: undefined/unknown
2025-06-20T09:33:04.871+05:30  INFO 10724 --- [flipkart] [main] o.h.e.t.j.p.i.JtaPlatformInitiator       : HHH000489: No JTA platform available (set 'hibernate.transaction.jta.platform' to enable JTA platform integration)
2025-06-20T09:33:04.985+05:30  INFO 10724 --- [flipkart] [main] j.LocalContainerEntityManagerFactoryBean : Initialized JPA EntityManagerFactory for persistence unit 'default'
2025-06-20T09:33:05.812+05:30  INFO 10724 --- [flipkart] [main] o.s.d.j.r.query.QueryEnhancerFactory     : Hibernate is in classpath; If applicable, HQL parser will be used.
2025-06-20T09:33:07.035+05:30  WARN 10724 --- [flipkart] [main] JpaBaseConfiguration$JpaWebConfiguration : spring.jpa.open-in-view is enabled by default. Therefore, database queries may be performed during view rendering. Explicitly configure spring.jpa.open-in-view to disable this warning
2025-06-20T09:33:08.023+05:30  WARN 10724 --- [flipkart] [main] i.m.c.i.b.cache.CaffeineCacheMetrics     : The cache 'products' is not recording statistics. No meters except 'cache.size' will be registered. Call 'Caffeine#recordStats()' prior to building the cache for metrics to be recorded.
2025-06-20T09:33:08.199+05:30  INFO 10724 --- [flipkart] [main] o.s.b.a.e.web.EndpointLinksResolver      : Exposing 14 endpoints beneath base path '/actuator'
2025-06-20T09:33:08.415+05:30  INFO 10724 --- [flipkart] [main] o.s.b.w.embedded.tomcat.TomcatWebServer  : Tomcat started on port 8080 (http) with context path '/'
2025-06-20T09:33:08.448+05:30  INFO 10724 --- [flipkart] [main] c.example.flipkart.FlipkartApplication   : Started FlipkartApplication in 19.295 seconds (process running for 20.687)
2025-06-20T09:33:17.875+05:30  INFO 10724 --- [flipkart] [http-nio-8080-exec-1] o.a.c.c.C.[Tomcat].[localhost].[/]       : Initializing Spring DispatcherServlet 'dispatcherServlet'
2025-06-20T09:33:17.875+05:30  INFO 10724 --- [flipkart] [http-nio-8080-exec-1] o.s.web.servlet.DispatcherServlet        : Initializing Servlet 'dispatcherServlet'
2025-06-20T09:33:17.877+05:30  INFO 10724 --- [flipkart] [http-nio-8080-exec-1] o.s.web.servlet.DispatcherServlet        : Completed initialization in 2 ms
2025-06-20T09:38:06.569+05:30  INFO 10724 --- [flipkart] [SpringApplicationShutdownHook] o.s.b.w.e.tomcat.GracefulShutdown        : Commencing graceful shutdown. Waiting for active requests to complete
2025-06-20T09:38:06.578+05:30  INFO 10724 --- [flipkart] [tomcat-shutdown] o.s.b.w.e.tomcat.GracefulShutdown        : Graceful shutdown complete
2025-06-20T09:38:06.586+05:30  INFO 10724 --- [flipkart] [SpringApplicationShutdownHook] j.LocalContainerEntityManagerFactoryBean : Closing JPA EntityManagerFactory for persistence unit 'default'
2025-06-20T09:38:06.601+05:30  INFO 10724 --- [flipkart] [SpringApplicationShutdownHook] com.zaxxer.hikari.HikariDataSource       : HikariPool-1 - Shutdown initiated...
2025-06-20T09:38:06.627+05:30  INFO 10724 --- [flipkart] [SpringApplicationShutdownHook] com.zaxxer.hikari.HikariDataSource       : HikariPool-1 - Shutdown completed.
2025-06-20T09:38:18.927+05:30  INFO 12680 --- [flipkart] [main] c.example.flipkart.FlipkartApplication   : Starting FlipkartApplication using Java 23.0.1 with PID 12680 (C:\Users\Neosoft\Downloads\flipkart\flipkart\target\classes started by Neosoft in C:\Users\Neosoft\Downloads\flipkart\flipkart)
2025-06-20T09:38:18.931+05:30 DEBUG 12680 --- [flipkart] [main] c.example.flipkart.FlipkartApplication   : Running with Spring Boot v3.5.0, Spring v6.2.7
2025-06-20T09:38:18.937+05:30  INFO 12680 --- [flipkart] [main] c.example.flipkart.FlipkartApplication   : No active profile set, falling back to 1 default profile: "default"
2025-06-20T09:38:22.330+05:30  INFO 12680 --- [flipkart] [main] .s.d.r.c.RepositoryConfigurationDelegate : Bootstrapping Spring Data JPA repositories in DEFAULT mode.
2025-06-20T09:38:22.479+05:30  INFO 12680 --- [flipkart] [main] .s.d.r.c.RepositoryConfigurationDelegate : Finished Spring Data repository scanning in 112 ms. Found 2 JPA repository interfaces.
2025-06-20T09:38:24.073+05:30  INFO 12680 --- [flipkart] [main] o.s.b.w.embedded.tomcat.TomcatWebServer  : Tomcat initialized with port 8080 (http)
2025-06-20T09:38:24.103+05:30  INFO 12680 --- [flipkart] [main] o.apache.catalina.core.StandardService   : Starting service [Tomcat]
2025-06-20T09:38:24.104+05:30  INFO 12680 --- [flipkart] [main] o.apache.catalina.core.StandardEngine    : Starting Servlet engine: [Apache Tomcat/10.1.41]
2025-06-20T09:38:24.245+05:30  INFO 12680 --- [flipkart] [main] o.a.c.c.C.[Tomcat].[localhost].[/]       : Initializing Spring embedded WebApplicationContext
2025-06-20T09:38:24.246+05:30  INFO 12680 --- [flipkart] [main] w.s.c.ServletWebServerApplicationContext : Root WebApplicationContext: initialization completed in 5095 ms
2025-06-20T09:38:25.067+05:30  INFO 12680 --- [flipkart] [main] o.hibernate.jpa.internal.util.LogHelper  : HHH000204: Processing PersistenceUnitInfo [name: default]
2025-06-20T09:38:25.186+05:30  INFO 12680 --- [flipkart] [main] org.hibernate.Version                    : HHH000412: Hibernate ORM core version 6.6.15.Final
2025-06-20T09:38:25.261+05:30  INFO 12680 --- [flipkart] [main] o.h.c.internal.RegionFactoryInitiator    : HHH000026: Second-level cache disabled
2025-06-20T09:38:25.932+05:30  INFO 12680 --- [flipkart] [main] o.s.o.j.p.SpringPersistenceUnitInfo      : No LoadTimeWeaver setup: ignoring JPA class transformer
2025-06-20T09:38:25.992+05:30  INFO 12680 --- [flipkart] [main] com.zaxxer.hikari.HikariDataSource       : HikariPool-1 - Starting...
2025-06-20T09:38:26.787+05:30  INFO 12680 --- [flipkart] [main] com.zaxxer.hikari.pool.HikariPool        : HikariPool-1 - Added connection com.mysql.cj.jdbc.ConnectionImpl@1e66bf2d
2025-06-20T09:38:26.793+05:30  INFO 12680 --- [flipkart] [main] com.zaxxer.hikari.HikariDataSource       : HikariPool-1 - Start completed.
2025-06-20T09:38:26.884+05:30  WARN 12680 --- [flipkart] [main] org.hibernate.orm.deprecation            : HHH90000025: MySQLDialect does not need to be specified explicitly using 'hibernate.dialect' (remove the property setting and it will be selected by default)
2025-06-20T09:38:26.944+05:30  INFO 12680 --- [flipkart] [main] org.hibernate.orm.connections.pooling    : HHH10001005: Database info:
	Database JDBC URL [Connecting through datasource 'HikariDataSource (HikariPool-1)']
	Database driver: undefined/unknown
	Database version: 8.0.40
	Autocommit mode: undefined/unknown
	Isolation level: undefined/unknown
	Minimum pool size: undefined/unknown
	Maximum pool size: undefined/unknown
2025-06-20T09:38:28.946+05:30  INFO 12680 --- [flipkart] [main] o.h.e.t.j.p.i.JtaPlatformInitiator       : HHH000489: No JTA platform available (set 'hibernate.transaction.jta.platform' to enable JTA platform integration)
2025-06-20T09:38:29.061+05:30  INFO 12680 --- [flipkart] [main] j.LocalContainerEntityManagerFactoryBean : Initialized JPA EntityManagerFactory for persistence unit 'default'
2025-06-20T09:38:30.075+05:30  INFO 12680 --- [flipkart] [main] o.s.d.j.r.query.QueryEnhancerFactory     : Hibernate is in classpath; If applicable, HQL parser will be used.
2025-06-20T09:38:32.217+05:30  WARN 12680 --- [flipkart] [main] JpaBaseConfiguration$JpaWebConfiguration : spring.jpa.open-in-view is enabled by default. Therefore, database queries may be performed during view rendering. Explicitly configure spring.jpa.open-in-view to disable this warning
2025-06-20T09:38:34.639+05:30  WARN 12680 --- [flipkart] [main] i.m.c.i.b.cache.CaffeineCacheMetrics     : The cache 'products' is not recording statistics. No meters except 'cache.size' will be registered. Call 'Caffeine#recordStats()' prior to building the cache for metrics to be recorded.
2025-06-20T09:38:34.908+05:30  WARN 12680 --- [flipkart] [main] .s.s.UserDetailsServiceAutoConfiguration : 

Using generated security password: a23f019d-7915-4691-9e30-91f5f33618b1

This generated password is for development use only. Your security configuration must be updated before running your application in production.

2025-06-20T09:38:34.934+05:30  INFO 12680 --- [flipkart] [main] r$InitializeUserDetailsManagerConfigurer : Global AuthenticationManager configured with UserDetailsService bean with name inMemoryUserDetailsManager
2025-06-20T09:38:35.454+05:30  INFO 12680 --- [flipkart] [main] o.s.b.a.e.web.EndpointLinksResolver      : Exposing 14 endpoints beneath base path '/actuator'
2025-06-20T09:38:35.879+05:30  INFO 12680 --- [flipkart] [main] o.s.b.w.embedded.tomcat.TomcatWebServer  : Tomcat started on port 8080 (http) with context path '/'
2025-06-20T09:38:35.925+05:30  INFO 12680 --- [flipkart] [main] c.example.flipkart.FlipkartApplication   : Started FlipkartApplication in 18.405 seconds (process running for 19.637)
2025-06-20T09:38:39.671+05:30  INFO 12680 --- [flipkart] [http-nio-8080-exec-1] o.a.c.c.C.[Tomcat].[localhost].[/]       : Initializing Spring DispatcherServlet 'dispatcherServlet'
2025-06-20T09:38:39.672+05:30  INFO 12680 --- [flipkart] [http-nio-8080-exec-1] o.s.web.servlet.DispatcherServlet        : Initializing Servlet 'dispatcherServlet'
2025-06-20T09:38:39.674+05:30  INFO 12680 --- [flipkart] [http-nio-8080-exec-1] o.s.web.servlet.DispatcherServlet        : Completed initialization in 2 ms
2025-06-20T09:39:37.630+05:30  INFO 12680 --- [flipkart] [SpringApplicationShutdownHook] o.s.b.w.e.tomcat.GracefulShutdown        : Commencing graceful shutdown. Waiting for active requests to complete
2025-06-20T09:39:37.639+05:30  INFO 12680 --- [flipkart] [tomcat-shutdown] o.s.b.w.e.tomcat.GracefulShutdown        : Graceful shutdown complete
2025-06-20T09:39:37.648+05:30  INFO 12680 --- [flipkart] [SpringApplicationShutdownHook] j.LocalContainerEntityManagerFactoryBean : Closing JPA EntityManagerFactory for persistence unit 'default'
2025-06-20T09:39:37.652+05:30  INFO 12680 --- [flipkart] [SpringApplicationShutdownHook] com.zaxxer.hikari.HikariDataSource       : HikariPool-1 - Shutdown initiated...
2025-06-20T09:39:37.670+05:30  INFO 12680 --- [flipkart] [SpringApplicationShutdownHook] com.zaxxer.hikari.HikariDataSource       : HikariPool-1 - Shutdown completed.
2025-06-20T09:39:47.706+05:30  INFO 19336 --- [flipkart] [main] c.example.flipkart.FlipkartApplication   : Starting FlipkartApplication using Java 23.0.1 with PID 19336 (C:\Users\Neosoft\Downloads\flipkart\flipkart\target\classes started by Neosoft in C:\Users\Neosoft\Downloads\flipkart\flipkart)
2025-06-20T09:39:47.710+05:30 DEBUG 19336 --- [flipkart] [main] c.example.flipkart.FlipkartApplication   : Running with Spring Boot v3.5.0, Spring v6.2.7
2025-06-20T09:39:47.712+05:30  INFO 19336 --- [flipkart] [main] c.example.flipkart.FlipkartApplication   : No active profile set, falling back to 1 default profile: "default"
2025-06-20T09:39:50.877+05:30  INFO 19336 --- [flipkart] [main] .s.d.r.c.RepositoryConfigurationDelegate : Bootstrapping Spring Data JPA repositories in DEFAULT mode.
2025-06-20T09:39:51.016+05:30  INFO 19336 --- [flipkart] [main] .s.d.r.c.RepositoryConfigurationDelegate : Finished Spring Data repository scanning in 113 ms. Found 2 JPA repository interfaces.
2025-06-20T09:39:52.379+05:30  INFO 19336 --- [flipkart] [main] o.s.b.w.embedded.tomcat.TomcatWebServer  : Tomcat initialized with port 8080 (http)
2025-06-20T09:39:52.412+05:30  INFO 19336 --- [flipkart] [main] o.apache.catalina.core.StandardService   : Starting service [Tomcat]
2025-06-20T09:39:52.413+05:30  INFO 19336 --- [flipkart] [main] o.apache.catalina.core.StandardEngine    : Starting Servlet engine: [Apache Tomcat/10.1.41]
2025-06-20T09:39:52.630+05:30  INFO 19336 --- [flipkart] [main] o.a.c.c.C.[Tomcat].[localhost].[/]       : Initializing Spring embedded WebApplicationContext
2025-06-20T09:39:52.631+05:30  INFO 19336 --- [flipkart] [main] w.s.c.ServletWebServerApplicationContext : Root WebApplicationContext: initialization completed in 4604 ms
2025-06-20T09:39:53.227+05:30  INFO 19336 --- [flipkart] [main] o.hibernate.jpa.internal.util.LogHelper  : HHH000204: Processing PersistenceUnitInfo [name: default]
2025-06-20T09:39:53.335+05:30  INFO 19336 --- [flipkart] [main] org.hibernate.Version                    : HHH000412: Hibernate ORM core version 6.6.15.Final
2025-06-20T09:39:53.412+05:30  INFO 19336 --- [flipkart] [main] o.h.c.internal.RegionFactoryInitiator    : HHH000026: Second-level cache disabled
2025-06-20T09:39:54.076+05:30  INFO 19336 --- [flipkart] [main] o.s.o.j.p.SpringPersistenceUnitInfo      : No LoadTimeWeaver setup: ignoring JPA class transformer
2025-06-20T09:39:54.139+05:30  INFO 19336 --- [flipkart] [main] com.zaxxer.hikari.HikariDataSource       : HikariPool-1 - Starting...
2025-06-20T09:39:54.885+05:30  INFO 19336 --- [flipkart] [main] com.zaxxer.hikari.pool.HikariPool        : HikariPool-1 - Added connection com.mysql.cj.jdbc.ConnectionImpl@2f60e66a
2025-06-20T09:39:54.890+05:30  INFO 19336 --- [flipkart] [main] com.zaxxer.hikari.HikariDataSource       : HikariPool-1 - Start completed.
2025-06-20T09:39:54.991+05:30  WARN 19336 --- [flipkart] [main] org.hibernate.orm.deprecation            : HHH90000025: MySQLDialect does not need to be specified explicitly using 'hibernate.dialect' (remove the property setting and it will be selected by default)
2025-06-20T09:39:55.066+05:30  INFO 19336 --- [flipkart] [main] org.hibernate.orm.connections.pooling    : HHH10001005: Database info:
	Database JDBC URL [Connecting through datasource 'HikariDataSource (HikariPool-1)']
	Database driver: undefined/unknown
	Database version: 8.0.40
	Autocommit mode: undefined/unknown
	Isolation level: undefined/unknown
	Minimum pool size: undefined/unknown
	Maximum pool size: undefined/unknown
2025-06-20T09:39:56.874+05:30  INFO 19336 --- [flipkart] [main] o.h.e.t.j.p.i.JtaPlatformInitiator       : HHH000489: No JTA platform available (set 'hibernate.transaction.jta.platform' to enable JTA platform integration)
2025-06-20T09:39:57.006+05:30  INFO 19336 --- [flipkart] [main] j.LocalContainerEntityManagerFactoryBean : Initialized JPA EntityManagerFactory for persistence unit 'default'
2025-06-20T09:39:57.595+05:30  INFO 19336 --- [flipkart] [main] o.s.d.j.r.query.QueryEnhancerFactory     : Hibernate is in classpath; If applicable, HQL parser will be used.
2025-06-20T09:39:59.037+05:30  WARN 19336 --- [flipkart] [main] JpaBaseConfiguration$JpaWebConfiguration : spring.jpa.open-in-view is enabled by default. Therefore, database queries may be performed during view rendering. Explicitly configure spring.jpa.open-in-view to disable this warning
2025-06-20T09:40:00.144+05:30  WARN 19336 --- [flipkart] [main] i.m.c.i.b.cache.CaffeineCacheMetrics     : The cache 'products' is not recording statistics. No meters except 'cache.size' will be registered. Call 'Caffeine#recordStats()' prior to building the cache for metrics to be recorded.
2025-06-20T09:40:00.320+05:30  INFO 19336 --- [flipkart] [main] o.s.b.a.e.web.EndpointLinksResolver      : Exposing 14 endpoints beneath base path '/actuator'
2025-06-20T09:40:00.513+05:30  INFO 19336 --- [flipkart] [main] o.s.b.w.embedded.tomcat.TomcatWebServer  : Tomcat started on port 8080 (http) with context path '/'
2025-06-20T09:40:00.548+05:30  INFO 19336 --- [flipkart] [main] c.example.flipkart.FlipkartApplication   : Started FlipkartApplication in 14.228 seconds (process running for 15.203)
2025-06-20T09:40:17.950+05:30  INFO 19336 --- [flipkart] [http-nio-8080-exec-1] o.a.c.c.C.[Tomcat].[localhost].[/]       : Initializing Spring DispatcherServlet 'dispatcherServlet'
2025-06-20T09:40:17.950+05:30  INFO 19336 --- [flipkart] [http-nio-8080-exec-1] o.s.web.servlet.DispatcherServlet        : Initializing Servlet 'dispatcherServlet'
2025-06-20T09:40:17.954+05:30  INFO 19336 --- [flipkart] [http-nio-8080-exec-1] o.s.web.servlet.DispatcherServlet        : Completed initialization in 4 ms
2025-06-20T09:46:56.686+05:30  INFO 19336 --- [flipkart] [SpringApplicationShutdownHook] o.s.b.w.e.tomcat.GracefulShutdown        : Commencing graceful shutdown. Waiting for active requests to complete
2025-06-20T09:46:56.700+05:30  INFO 19336 --- [flipkart] [tomcat-shutdown] o.s.b.w.e.tomcat.GracefulShutdown        : Graceful shutdown complete
2025-06-20T09:46:56.744+05:30  INFO 19336 --- [flipkart] [SpringApplicationShutdownHook] j.LocalContainerEntityManagerFactoryBean : Closing JPA EntityManagerFactory for persistence unit 'default'
2025-06-20T09:46:56.754+05:30  INFO 19336 --- [flipkart] [SpringApplicationShutdownHook] com.zaxxer.hikari.HikariDataSource       : HikariPool-1 - Shutdown initiated...
2025-06-20T09:46:56.786+05:30  INFO 19336 --- [flipkart] [SpringApplicationShutdownHook] com.zaxxer.hikari.HikariDataSource       : HikariPool-1 - Shutdown completed.
2025-06-20T09:47:02.243+05:30  INFO 5308 --- [flipkart] [main] c.example.flipkart.FlipkartApplication   : Starting FlipkartApplication using Java 23.0.1 with PID 5308 (C:\Users\Neosoft\Downloads\flipkart\flipkart\target\classes started by Neosoft in C:\Users\Neosoft\Downloads\flipkart\flipkart)
2025-06-20T09:47:02.250+05:30 DEBUG 5308 --- [flipkart] [main] c.example.flipkart.FlipkartApplication   : Running with Spring Boot v3.5.0, Spring v6.2.7
2025-06-20T09:47:02.252+05:30  INFO 5308 --- [flipkart] [main] c.example.flipkart.FlipkartApplication   : No active profile set, falling back to 1 default profile: "default"
2025-06-20T09:47:07.738+05:30  INFO 5308 --- [flipkart] [main] .s.d.r.c.RepositoryConfigurationDelegate : Bootstrapping Spring Data JPA repositories in DEFAULT mode.
2025-06-20T09:47:07.942+05:30  INFO 5308 --- [flipkart] [main] .s.d.r.c.RepositoryConfigurationDelegate : Finished Spring Data repository scanning in 132 ms. Found 2 JPA repository interfaces.
2025-06-20T09:47:10.638+05:30  INFO 5308 --- [flipkart] [main] o.s.b.w.embedded.tomcat.TomcatWebServer  : Tomcat initialized with port 8080 (http)
2025-06-20T09:47:10.790+05:30  INFO 5308 --- [flipkart] [main] o.apache.catalina.core.StandardService   : Starting service [Tomcat]
2025-06-20T09:47:10.800+05:30  INFO 5308 --- [flipkart] [main] o.apache.catalina.core.StandardEngine    : Starting Servlet engine: [Apache Tomcat/10.1.41]
2025-06-20T09:47:11.115+05:30  INFO 5308 --- [flipkart] [main] o.a.c.c.C.[Tomcat].[localhost].[/]       : Initializing Spring embedded WebApplicationContext
2025-06-20T09:47:11.116+05:30  INFO 5308 --- [flipkart] [main] w.s.c.ServletWebServerApplicationContext : Root WebApplicationContext: initialization completed in 8553 ms
2025-06-20T09:47:12.611+05:30  INFO 5308 --- [flipkart] [main] o.hibernate.jpa.internal.util.LogHelper  : HHH000204: Processing PersistenceUnitInfo [name: default]
2025-06-20T09:47:12.905+05:30  INFO 5308 --- [flipkart] [main] org.hibernate.Version                    : HHH000412: Hibernate ORM core version 6.6.15.Final
2025-06-20T09:47:13.240+05:30  INFO 5308 --- [flipkart] [main] o.h.c.internal.RegionFactoryInitiator    : HHH000026: Second-level cache disabled
2025-06-20T09:47:14.215+05:30  INFO 5308 --- [flipkart] [main] o.s.o.j.p.SpringPersistenceUnitInfo      : No LoadTimeWeaver setup: ignoring JPA class transformer
2025-06-20T09:47:14.314+05:30  INFO 5308 --- [flipkart] [main] com.zaxxer.hikari.HikariDataSource       : HikariPool-1 - Starting...
2025-06-20T09:47:15.310+05:30  INFO 5308 --- [flipkart] [main] com.zaxxer.hikari.pool.HikariPool        : HikariPool-1 - Added connection com.mysql.cj.jdbc.ConnectionImpl@5bccef9f
2025-06-20T09:47:15.316+05:30  INFO 5308 --- [flipkart] [main] com.zaxxer.hikari.HikariDataSource       : HikariPool-1 - Start completed.
2025-06-20T09:47:15.453+05:30  WARN 5308 --- [flipkart] [main] org.hibernate.orm.deprecation            : HHH90000025: MySQLDialect does not need to be specified explicitly using 'hibernate.dialect' (remove the property setting and it will be selected by default)
2025-06-20T09:47:15.742+05:30  INFO 5308 --- [flipkart] [main] org.hibernate.orm.connections.pooling    : HHH10001005: Database info:
	Database JDBC URL [Connecting through datasource 'HikariDataSource (HikariPool-1)']
	Database driver: undefined/unknown
	Database version: 8.0.40
	Autocommit mode: undefined/unknown
	Isolation level: undefined/unknown
	Minimum pool size: undefined/unknown
	Maximum pool size: undefined/unknown
2025-06-20T09:47:18.064+05:30  INFO 5308 --- [flipkart] [main] o.h.e.t.j.p.i.JtaPlatformInitiator       : HHH000489: No JTA platform available (set 'hibernate.transaction.jta.platform' to enable JTA platform integration)
2025-06-20T09:47:18.215+05:30  INFO 5308 --- [flipkart] [main] j.LocalContainerEntityManagerFactoryBean : Initialized JPA EntityManagerFactory for persistence unit 'default'
2025-06-20T09:47:19.081+05:30  INFO 5308 --- [flipkart] [main] o.s.d.j.r.query.QueryEnhancerFactory     : Hibernate is in classpath; If applicable, HQL parser will be used.
2025-06-20T09:47:21.939+05:30  WARN 5308 --- [flipkart] [main] JpaBaseConfiguration$JpaWebConfiguration : spring.jpa.open-in-view is enabled by default. Therefore, database queries may be performed during view rendering. Explicitly configure spring.jpa.open-in-view to disable this warning
2025-06-20T09:47:24.936+05:30  WARN 5308 --- [flipkart] [main] i.m.c.i.b.cache.CaffeineCacheMetrics     : The cache 'products' is not recording statistics. No meters except 'cache.size' will be registered. Call 'Caffeine#recordStats()' prior to building the cache for metrics to be recorded.
2025-06-20T09:47:25.216+05:30  INFO 5308 --- [flipkart] [main] o.s.b.a.e.web.EndpointLinksResolver      : Exposing 14 endpoints beneath base path '/actuator'
2025-06-20T09:47:25.552+05:30  INFO 5308 --- [flipkart] [main] o.s.b.w.embedded.tomcat.TomcatWebServer  : Tomcat started on port 8080 (http) with context path '/'
2025-06-20T09:47:25.601+05:30  INFO 5308 --- [flipkart] [main] c.example.flipkart.FlipkartApplication   : Started FlipkartApplication in 25.09 seconds (process running for 26.413)
2025-06-20T10:02:53.400+05:30  INFO 5308 --- [flipkart] [SpringApplicationShutdownHook] o.s.b.w.e.tomcat.GracefulShutdown        : Commencing graceful shutdown. Waiting for active requests to complete
2025-06-20T10:02:53.407+05:30  INFO 5308 --- [flipkart] [tomcat-shutdown] o.s.b.w.e.tomcat.GracefulShutdown        : Graceful shutdown complete
2025-06-20T10:02:53.415+05:30  INFO 5308 --- [flipkart] [SpringApplicationShutdownHook] j.LocalContainerEntityManagerFactoryBean : Closing JPA EntityManagerFactory for persistence unit 'default'
2025-06-20T10:02:53.419+05:30  INFO 5308 --- [flipkart] [SpringApplicationShutdownHook] com.zaxxer.hikari.HikariDataSource       : HikariPool-1 - Shutdown initiated...
2025-06-20T10:02:53.433+05:30  INFO 5308 --- [flipkart] [SpringApplicationShutdownHook] com.zaxxer.hikari.HikariDataSource       : HikariPool-1 - Shutdown completed.
2025-06-20T10:03:03.011+05:30  INFO 16244 --- [flipkart] [main] c.example.flipkart.FlipkartApplication   : Starting FlipkartApplication using Java 23.0.1 with PID 16244 (C:\Users\Neosoft\Downloads\flipkart\flipkart\target\classes started by Neosoft in C:\Users\Neosoft\Downloads\flipkart\flipkart)
2025-06-20T10:03:03.016+05:30 DEBUG 16244 --- [flipkart] [main] c.example.flipkart.FlipkartApplication   : Running with Spring Boot v3.5.0, Spring v6.2.7
2025-06-20T10:03:03.018+05:30  INFO 16244 --- [flipkart] [main] c.example.flipkart.FlipkartApplication   : No active profile set, falling back to 1 default profile: "default"
2025-06-20T10:03:06.322+05:30  INFO 16244 --- [flipkart] [main] .s.d.r.c.RepositoryConfigurationDelegate : Bootstrapping Spring Data JPA repositories in DEFAULT mode.
2025-06-20T10:03:06.470+05:30  INFO 16244 --- [flipkart] [main] .s.d.r.c.RepositoryConfigurationDelegate : Finished Spring Data repository scanning in 123 ms. Found 3 JPA repository interfaces.
2025-06-20T10:03:07.943+05:30  INFO 16244 --- [flipkart] [main] o.s.b.w.embedded.tomcat.TomcatWebServer  : Tomcat initialized with port 8080 (http)
2025-06-20T10:03:07.974+05:30  INFO 16244 --- [flipkart] [main] o.apache.catalina.core.StandardService   : Starting service [Tomcat]
2025-06-20T10:03:07.975+05:30  INFO 16244 --- [flipkart] [main] o.apache.catalina.core.StandardEngine    : Starting Servlet engine: [Apache Tomcat/10.1.41]
2025-06-20T10:03:08.106+05:30  INFO 16244 --- [flipkart] [main] o.a.c.c.C.[Tomcat].[localhost].[/]       : Initializing Spring embedded WebApplicationContext
2025-06-20T10:03:08.107+05:30  INFO 16244 --- [flipkart] [main] w.s.c.ServletWebServerApplicationContext : Root WebApplicationContext: initialization completed in 4872 ms
2025-06-20T10:03:08.926+05:30  INFO 16244 --- [flipkart] [main] o.hibernate.jpa.internal.util.LogHelper  : HHH000204: Processing PersistenceUnitInfo [name: default]
2025-06-20T10:03:09.046+05:30  INFO 16244 --- [flipkart] [main] org.hibernate.Version                    : HHH000412: Hibernate ORM core version 6.6.15.Final
2025-06-20T10:03:09.120+05:30  INFO 16244 --- [flipkart] [main] o.h.c.internal.RegionFactoryInitiator    : HHH000026: Second-level cache disabled
2025-06-20T10:03:10.832+05:30  INFO 16244 --- [flipkart] [main] o.s.o.j.p.SpringPersistenceUnitInfo      : No LoadTimeWeaver setup: ignoring JPA class transformer
2025-06-20T10:03:10.969+05:30  INFO 16244 --- [flipkart] [main] com.zaxxer.hikari.HikariDataSource       : HikariPool-1 - Starting...
2025-06-20T10:03:11.920+05:30  INFO 16244 --- [flipkart] [main] com.zaxxer.hikari.pool.HikariPool        : HikariPool-1 - Added connection com.mysql.cj.jdbc.ConnectionImpl@1a85e86e
2025-06-20T10:03:11.925+05:30  INFO 16244 --- [flipkart] [main] com.zaxxer.hikari.HikariDataSource       : HikariPool-1 - Start completed.
2025-06-20T10:03:12.081+05:30  WARN 16244 --- [flipkart] [main] org.hibernate.orm.deprecation            : HHH90000025: MySQLDialect does not need to be specified explicitly using 'hibernate.dialect' (remove the property setting and it will be selected by default)
2025-06-20T10:03:12.175+05:30  INFO 16244 --- [flipkart] [main] org.hibernate.orm.connections.pooling    : HHH10001005: Database info:
	Database JDBC URL [Connecting through datasource 'HikariDataSource (HikariPool-1)']
	Database driver: undefined/unknown
	Database version: 8.0.40
	Autocommit mode: undefined/unknown
	Isolation level: undefined/unknown
	Minimum pool size: undefined/unknown
	Maximum pool size: undefined/unknown
2025-06-20T10:03:14.554+05:30  INFO 16244 --- [flipkart] [main] o.h.e.t.j.p.i.JtaPlatformInitiator       : HHH000489: No JTA platform available (set 'hibernate.transaction.jta.platform' to enable JTA platform integration)
2025-06-20T10:03:14.796+05:30  INFO 16244 --- [flipkart] [main] j.LocalContainerEntityManagerFactoryBean : Initialized JPA EntityManagerFactory for persistence unit 'default'
2025-06-20T10:03:15.559+05:30  INFO 16244 --- [flipkart] [main] o.s.d.j.r.query.QueryEnhancerFactory     : Hibernate is in classpath; If applicable, HQL parser will be used.
2025-06-20T10:03:18.977+05:30  WARN 16244 --- [flipkart] [main] JpaBaseConfiguration$JpaWebConfiguration : spring.jpa.open-in-view is enabled by default. Therefore, database queries may be performed during view rendering. Explicitly configure spring.jpa.open-in-view to disable this warning
2025-06-20T10:03:21.540+05:30  WARN 16244 --- [flipkart] [main] i.m.c.i.b.cache.CaffeineCacheMetrics     : The cache 'products' is not recording statistics. No meters except 'cache.size' will be registered. Call 'Caffeine#recordStats()' prior to building the cache for metrics to be recorded.
2025-06-20T10:03:21.864+05:30  WARN 16244 --- [flipkart] [main] .s.s.UserDetailsServiceAutoConfiguration : 

Using generated security password: 3106ccaa-5d5c-47fa-af7d-7642a6ed5d52

This generated password is for development use only. Your security configuration must be updated before running your application in production.

2025-06-20T10:03:21.886+05:30  INFO 16244 --- [flipkart] [main] r$InitializeUserDetailsManagerConfigurer : Global AuthenticationManager configured with UserDetailsService bean with name inMemoryUserDetailsManager
2025-06-20T10:03:22.229+05:30  INFO 16244 --- [flipkart] [main] o.s.b.a.e.web.EndpointLinksResolver      : Exposing 14 endpoints beneath base path '/actuator'
2025-06-20T10:03:22.828+05:30  INFO 16244 --- [flipkart] [main] o.s.b.w.embedded.tomcat.TomcatWebServer  : Tomcat started on port 8080 (http) with context path '/'
2025-06-20T10:03:22.872+05:30  INFO 16244 --- [flipkart] [main] c.example.flipkart.FlipkartApplication   : Started FlipkartApplication in 21.197 seconds (process running for 22.136)
2025-06-20T10:19:32.175+05:30  INFO 16244 --- [flipkart] [http-nio-8080-exec-1] o.a.c.c.C.[Tomcat].[localhost].[/]       : Initializing Spring DispatcherServlet 'dispatcherServlet'
2025-06-20T10:19:32.176+05:30  INFO 16244 --- [flipkart] [http-nio-8080-exec-1] o.s.web.servlet.DispatcherServlet        : Initializing Servlet 'dispatcherServlet'
2025-06-20T10:19:32.178+05:30  INFO 16244 --- [flipkart] [http-nio-8080-exec-1] o.s.web.servlet.DispatcherServlet        : Completed initialization in 1 ms
2025-06-20T10:21:03.638+05:30  INFO 16244 --- [flipkart] [SpringApplicationShutdownHook] o.s.b.w.e.tomcat.GracefulShutdown        : Commencing graceful shutdown. Waiting for active requests to complete
2025-06-20T10:21:03.654+05:30  INFO 16244 --- [flipkart] [tomcat-shutdown] o.s.b.w.e.tomcat.GracefulShutdown        : Graceful shutdown complete
2025-06-20T10:21:03.671+05:30  INFO 16244 --- [flipkart] [SpringApplicationShutdownHook] j.LocalContainerEntityManagerFactoryBean : Closing JPA EntityManagerFactory for persistence unit 'default'
2025-06-20T10:21:03.677+05:30  INFO 16244 --- [flipkart] [SpringApplicationShutdownHook] com.zaxxer.hikari.HikariDataSource       : HikariPool-1 - Shutdown initiated...
2025-06-20T10:21:03.694+05:30  INFO 16244 --- [flipkart] [SpringApplicationShutdownHook] com.zaxxer.hikari.HikariDataSource       : HikariPool-1 - Shutdown completed.
2025-06-20T10:21:15.033+05:30  INFO 17960 --- [flipkart] [main] c.example.flipkart.FlipkartApplication   : Starting FlipkartApplication using Java 23.0.1 with PID 17960 (C:\Users\Neosoft\Downloads\flipkart\flipkart\target\classes started by Neosoft in C:\Users\Neosoft\Downloads\flipkart\flipkart)
2025-06-20T10:21:15.039+05:30 DEBUG 17960 --- [flipkart] [main] c.example.flipkart.FlipkartApplication   : Running with Spring Boot v3.5.0, Spring v6.2.7
2025-06-20T10:21:15.044+05:30  INFO 17960 --- [flipkart] [main] c.example.flipkart.FlipkartApplication   : No active profile set, falling back to 1 default profile: "default"
2025-06-20T10:21:17.672+05:30  WARN 17960 --- [flipkart] [main] ConfigServletWebServerApplicationContext : Exception encountered during context initialization - cancelling refresh attempt: org.springframework.beans.factory.parsing.BeanDefinitionParsingException: Configuration problem: @Bean method 'securityFilterChain' must not be declared as autowired; remove the method-level @Autowired annotation.
Offending resource: class path resource [com/example/flipkart/Security/SecurityConfig.class]
2025-06-20T10:21:17.707+05:30  INFO 17960 --- [flipkart] [main] .s.b.a.l.ConditionEvaluationReportLogger : 

Error starting ApplicationContext. To display the condition evaluation report re-run your application with 'debug' enabled.
2025-06-20T10:21:17.776+05:30 ERROR 17960 --- [flipkart] [main] o.s.boot.SpringApplication               : Application run failed

org.springframework.beans.factory.parsing.BeanDefinitionParsingException: Configuration problem: @Bean method 'securityFilterChain' must not be declared as autowired; remove the method-level @Autowired annotation.
Offending resource: class path resource [com/example/flipkart/Security/SecurityConfig.class]
	at org.springframework.beans.factory.parsing.FailFastProblemReporter.error(FailFastProblemReporter.java:72) ~[spring-beans-6.2.7.jar:6.2.7]
	at org.springframework.context.annotation.BeanMethod.validate(BeanMethod.java:52) ~[spring-context-6.2.7.jar:6.2.7]
	at org.springframework.context.annotation.ConfigurationClass.validate(ConfigurationClass.java:242) ~[spring-context-6.2.7.jar:6.2.7]
	at org.springframework.context.annotation.ConfigurationClassParser.validate(ConfigurationClassParser.java:228) ~[spring-context-6.2.7.jar:6.2.7]
	at org.springframework.context.annotation.ConfigurationClassPostProcessor.processConfigBeanDefinitions(ConfigurationClassPostProcessor.java:419) ~[spring-context-6.2.7.jar:6.2.7]
	at org.springframework.context.annotation.ConfigurationClassPostProcessor.postProcessBeanDefinitionRegistry(ConfigurationClassPostProcessor.java:290) ~[spring-context-6.2.7.jar:6.2.7]
	at org.springframework.context.support.PostProcessorRegistrationDelegate.invokeBeanDefinitionRegistryPostProcessors(PostProcessorRegistrationDelegate.java:349) ~[spring-context-6.2.7.jar:6.2.7]
	at org.springframework.context.support.PostProcessorRegistrationDelegate.invokeBeanFactoryPostProcessors(PostProcessorRegistrationDelegate.java:118) ~[spring-context-6.2.7.jar:6.2.7]
	at org.springframework.context.support.AbstractApplicationContext.invokeBeanFactoryPostProcessors(AbstractApplicationContext.java:791) ~[spring-context-6.2.7.jar:6.2.7]
	at org.springframework.context.support.AbstractApplicationContext.refresh(AbstractApplicationContext.java:609) ~[spring-context-6.2.7.jar:6.2.7]
	at org.springframework.boot.web.servlet.context.ServletWebServerApplicationContext.refresh(ServletWebServerApplicationContext.java:146) ~[spring-boot-3.5.0.jar:3.5.0]
	at org.springframework.boot.SpringApplication.refresh(SpringApplication.java:753) ~[spring-boot-3.5.0.jar:3.5.0]
	at org.springframework.boot.SpringApplication.refreshContext(SpringApplication.java:439) ~[spring-boot-3.5.0.jar:3.5.0]
	at org.springframework.boot.SpringApplication.run(SpringApplication.java:318) ~[spring-boot-3.5.0.jar:3.5.0]
	at org.springframework.boot.SpringApplication.run(SpringApplication.java:1362) ~[spring-boot-3.5.0.jar:3.5.0]
	at org.springframework.boot.SpringApplication.run(SpringApplication.java:1351) ~[spring-boot-3.5.0.jar:3.5.0]
	at com.example.flipkart.FlipkartApplication.main(FlipkartApplication.java:12) ~[classes/:na]

2025-06-20T10:22:17.728+05:30  INFO 7204 --- [flipkart] [main] c.example.flipkart.FlipkartApplication   : Starting FlipkartApplication using Java 23.0.1 with PID 7204 (C:\Users\Neosoft\Downloads\flipkart\flipkart\target\classes started by Neosoft in C:\Users\Neosoft\Downloads\flipkart\flipkart)
2025-06-20T10:22:17.732+05:30 DEBUG 7204 --- [flipkart] [main] c.example.flipkart.FlipkartApplication   : Running with Spring Boot v3.5.0, Spring v6.2.7
2025-06-20T10:22:17.733+05:30  INFO 7204 --- [flipkart] [main] c.example.flipkart.FlipkartApplication   : No active profile set, falling back to 1 default profile: "default"
2025-06-20T10:22:19.849+05:30  WARN 7204 --- [flipkart] [main] ConfigServletWebServerApplicationContext : Exception encountered during context initialization - cancelling refresh attempt: org.springframework.beans.factory.parsing.BeanDefinitionParsingException: Configuration problem: @Bean method 'securityFilterChain' must not be declared as autowired; remove the method-level @Autowired annotation.
Offending resource: class path resource [com/example/flipkart/Security/SecurityConfig.class]
2025-06-20T10:22:19.878+05:30  INFO 7204 --- [flipkart] [main] .s.b.a.l.ConditionEvaluationReportLogger : 

Error starting ApplicationContext. To display the condition evaluation report re-run your application with 'debug' enabled.
2025-06-20T10:22:19.927+05:30 ERROR 7204 --- [flipkart] [main] o.s.boot.SpringApplication               : Application run failed

org.springframework.beans.factory.parsing.BeanDefinitionParsingException: Configuration problem: @Bean method 'securityFilterChain' must not be declared as autowired; remove the method-level @Autowired annotation.
Offending resource: class path resource [com/example/flipkart/Security/SecurityConfig.class]
	at org.springframework.beans.factory.parsing.FailFastProblemReporter.error(FailFastProblemReporter.java:72) ~[spring-beans-6.2.7.jar:6.2.7]
	at org.springframework.context.annotation.BeanMethod.validate(BeanMethod.java:52) ~[spring-context-6.2.7.jar:6.2.7]
	at org.springframework.context.annotation.ConfigurationClass.validate(ConfigurationClass.java:242) ~[spring-context-6.2.7.jar:6.2.7]
	at org.springframework.context.annotation.ConfigurationClassParser.validate(ConfigurationClassParser.java:228) ~[spring-context-6.2.7.jar:6.2.7]
	at org.springframework.context.annotation.ConfigurationClassPostProcessor.processConfigBeanDefinitions(ConfigurationClassPostProcessor.java:419) ~[spring-context-6.2.7.jar:6.2.7]
	at org.springframework.context.annotation.ConfigurationClassPostProcessor.postProcessBeanDefinitionRegistry(ConfigurationClassPostProcessor.java:290) ~[spring-context-6.2.7.jar:6.2.7]
	at org.springframework.context.support.PostProcessorRegistrationDelegate.invokeBeanDefinitionRegistryPostProcessors(PostProcessorRegistrationDelegate.java:349) ~[spring-context-6.2.7.jar:6.2.7]
	at org.springframework.context.support.PostProcessorRegistrationDelegate.invokeBeanFactoryPostProcessors(PostProcessorRegistrationDelegate.java:118) ~[spring-context-6.2.7.jar:6.2.7]
	at org.springframework.context.support.AbstractApplicationContext.invokeBeanFactoryPostProcessors(AbstractApplicationContext.java:791) ~[spring-context-6.2.7.jar:6.2.7]
	at org.springframework.context.support.AbstractApplicationContext.refresh(AbstractApplicationContext.java:609) ~[spring-context-6.2.7.jar:6.2.7]
	at org.springframework.boot.web.servlet.context.ServletWebServerApplicationContext.refresh(ServletWebServerApplicationContext.java:146) ~[spring-boot-3.5.0.jar:3.5.0]
	at org.springframework.boot.SpringApplication.refresh(SpringApplication.java:753) ~[spring-boot-3.5.0.jar:3.5.0]
	at org.springframework.boot.SpringApplication.refreshContext(SpringApplication.java:439) ~[spring-boot-3.5.0.jar:3.5.0]
	at org.springframework.boot.SpringApplication.run(SpringApplication.java:318) ~[spring-boot-3.5.0.jar:3.5.0]
	at org.springframework.boot.SpringApplication.run(SpringApplication.java:1362) ~[spring-boot-3.5.0.jar:3.5.0]
	at org.springframework.boot.SpringApplication.run(SpringApplication.java:1351) ~[spring-boot-3.5.0.jar:3.5.0]
	at com.example.flipkart.FlipkartApplication.main(FlipkartApplication.java:12) ~[classes/:na]

2025-06-20T10:23:40.026+05:30  INFO 3708 --- [flipkart] [main] c.example.flipkart.FlipkartApplication   : Starting FlipkartApplication using Java 23.0.1 with PID 3708 (C:\Users\Neosoft\Downloads\flipkart\flipkart\target\classes started by Neosoft in C:\Users\Neosoft\Downloads\flipkart\flipkart)
2025-06-20T10:23:40.048+05:30 DEBUG 3708 --- [flipkart] [main] c.example.flipkart.FlipkartApplication   : Running with Spring Boot v3.5.0, Spring v6.2.7
2025-06-20T10:23:40.069+05:30  INFO 3708 --- [flipkart] [main] c.example.flipkart.FlipkartApplication   : No active profile set, falling back to 1 default profile: "default"
2025-06-20T10:23:43.782+05:30  INFO 3708 --- [flipkart] [main] .s.d.r.c.RepositoryConfigurationDelegate : Bootstrapping Spring Data JPA repositories in DEFAULT mode.
2025-06-20T10:23:43.947+05:30  INFO 3708 --- [flipkart] [main] .s.d.r.c.RepositoryConfigurationDelegate : Finished Spring Data repository scanning in 139 ms. Found 3 JPA repository interfaces.
2025-06-20T10:23:45.708+05:30  INFO 3708 --- [flipkart] [main] o.s.b.w.embedded.tomcat.TomcatWebServer  : Tomcat initialized with port 8080 (http)
2025-06-20T10:23:45.746+05:30  INFO 3708 --- [flipkart] [main] o.apache.catalina.core.StandardService   : Starting service [Tomcat]
2025-06-20T10:23:45.747+05:30  INFO 3708 --- [flipkart] [main] o.apache.catalina.core.StandardEngine    : Starting Servlet engine: [Apache Tomcat/10.1.41]
2025-06-20T10:23:45.923+05:30  INFO 3708 --- [flipkart] [main] o.a.c.c.C.[Tomcat].[localhost].[/]       : Initializing Spring embedded WebApplicationContext
2025-06-20T10:23:45.924+05:30  INFO 3708 --- [flipkart] [main] w.s.c.ServletWebServerApplicationContext : Root WebApplicationContext: initialization completed in 5611 ms
2025-06-20T10:23:46.571+05:30  INFO 3708 --- [flipkart] [main] o.hibernate.jpa.internal.util.LogHelper  : HHH000204: Processing PersistenceUnitInfo [name: default]
2025-06-20T10:23:46.715+05:30  INFO 3708 --- [flipkart] [main] org.hibernate.Version                    : HHH000412: Hibernate ORM core version 6.6.15.Final
2025-06-20T10:23:46.831+05:30  INFO 3708 --- [flipkart] [main] o.h.c.internal.RegionFactoryInitiator    : HHH000026: Second-level cache disabled
2025-06-20T10:23:47.597+05:30  INFO 3708 --- [flipkart] [main] o.s.o.j.p.SpringPersistenceUnitInfo      : No LoadTimeWeaver setup: ignoring JPA class transformer
2025-06-20T10:23:47.678+05:30  INFO 3708 --- [flipkart] [main] com.zaxxer.hikari.HikariDataSource       : HikariPool-1 - Starting...
2025-06-20T10:23:48.620+05:30  INFO 3708 --- [flipkart] [main] com.zaxxer.hikari.pool.HikariPool        : HikariPool-1 - Added connection com.mysql.cj.jdbc.ConnectionImpl@7865cc83
2025-06-20T10:23:48.626+05:30  INFO 3708 --- [flipkart] [main] com.zaxxer.hikari.HikariDataSource       : HikariPool-1 - Start completed.
2025-06-20T10:23:48.755+05:30  WARN 3708 --- [flipkart] [main] org.hibernate.orm.deprecation            : HHH90000025: MySQLDialect does not need to be specified explicitly using 'hibernate.dialect' (remove the property setting and it will be selected by default)
2025-06-20T10:23:48.834+05:30  INFO 3708 --- [flipkart] [main] org.hibernate.orm.connections.pooling    : HHH10001005: Database info:
	Database JDBC URL [Connecting through datasource 'HikariDataSource (HikariPool-1)']
	Database driver: undefined/unknown
	Database version: 8.0.40
	Autocommit mode: undefined/unknown
	Isolation level: undefined/unknown
	Minimum pool size: undefined/unknown
	Maximum pool size: undefined/unknown
2025-06-20T10:23:51.183+05:30  INFO 3708 --- [flipkart] [main] o.h.e.t.j.p.i.JtaPlatformInitiator       : HHH000489: No JTA platform available (set 'hibernate.transaction.jta.platform' to enable JTA platform integration)
2025-06-20T10:23:51.319+05:30  INFO 3708 --- [flipkart] [main] j.LocalContainerEntityManagerFactoryBean : Initialized JPA EntityManagerFactory for persistence unit 'default'
2025-06-20T10:23:52.134+05:30 DEBUG 3708 --- [flipkart] [main] c.e.flipkart.Security.JwtRequestFilter   : Filter 'jwtRequestFilter' configured for use
2025-06-20T10:23:52.383+05:30  INFO 3708 --- [flipkart] [main] r$InitializeUserDetailsManagerConfigurer : Global AuthenticationManager configured with UserDetailsService bean with name customUserDetailsService
2025-06-20T10:23:52.523+05:30  INFO 3708 --- [flipkart] [main] o.s.d.j.r.query.QueryEnhancerFactory     : Hibernate is in classpath; If applicable, HQL parser will be used.
2025-06-20T10:23:54.087+05:30  WARN 3708 --- [flipkart] [main] JpaBaseConfiguration$JpaWebConfiguration : spring.jpa.open-in-view is enabled by default. Therefore, database queries may be performed during view rendering. Explicitly configure spring.jpa.open-in-view to disable this warning
2025-06-20T10:23:55.062+05:30  INFO 3708 --- [flipkart] [main] o.s.b.a.e.web.EndpointLinksResolver      : Exposing 14 endpoints beneath base path '/actuator'
2025-06-20T10:23:55.975+05:30  WARN 3708 --- [flipkart] [main] i.m.c.i.b.cache.CaffeineCacheMetrics     : The cache 'products' is not recording statistics. No meters except 'cache.size' will be registered. Call 'Caffeine#recordStats()' prior to building the cache for metrics to be recorded.
2025-06-20T10:23:56.369+05:30  INFO 3708 --- [flipkart] [main] o.s.b.w.embedded.tomcat.TomcatWebServer  : Tomcat started on port 8080 (http) with context path '/'
2025-06-20T10:23:56.403+05:30  INFO 3708 --- [flipkart] [main] c.example.flipkart.FlipkartApplication   : Started FlipkartApplication in 18.059 seconds (process running for 19.393)
2025-06-20T10:24:02.666+05:30  INFO 3708 --- [flipkart] [http-nio-8080-exec-2] o.a.c.c.C.[Tomcat].[localhost].[/]       : Initializing Spring DispatcherServlet 'dispatcherServlet'
2025-06-20T10:24:02.666+05:30  INFO 3708 --- [flipkart] [http-nio-8080-exec-2] o.s.web.servlet.DispatcherServlet        : Initializing Servlet 'dispatcherServlet'
2025-06-20T10:24:02.669+05:30  INFO 3708 --- [flipkart] [http-nio-8080-exec-2] o.s.web.servlet.DispatcherServlet        : Completed initialization in 2 ms
2025-06-20T10:37:15.759+05:30  WARN 3708 --- [flipkart] [HikariPool-1:housekeeper] com.zaxxer.hikari.pool.HikariPool        : HikariPool-1 - Thread starvation or clock leap detected (housekeeper delta=7m56s282ms612µs900ns).
2025-06-20T10:41:30.875+05:30  WARN 3708 --- [flipkart] [HikariPool-1:housekeeper] com.zaxxer.hikari.pool.HikariPool        : HikariPool-1 - Thread starvation or clock leap detected (housekeeper delta=3m42s698ms222µs400ns).
2025-06-20T10:41:31.000+05:30  INFO 3708 --- [flipkart] [SpringApplicationShutdownHook] o.s.b.w.e.tomcat.GracefulShutdown        : Commencing graceful shutdown. Waiting for active requests to complete
2025-06-20T10:41:31.063+05:30  INFO 3708 --- [flipkart] [tomcat-shutdown] o.s.b.w.e.tomcat.GracefulShutdown        : Graceful shutdown complete
2025-06-20T10:41:31.105+05:30  INFO 3708 --- [flipkart] [SpringApplicationShutdownHook] j.LocalContainerEntityManagerFactoryBean : Closing JPA EntityManagerFactory for persistence unit 'default'
2025-06-20T10:41:31.112+05:30  INFO 3708 --- [flipkart] [SpringApplicationShutdownHook] com.zaxxer.hikari.HikariDataSource       : HikariPool-1 - Shutdown initiated...
2025-06-20T10:41:31.189+05:30  INFO 3708 --- [flipkart] [SpringApplicationShutdownHook] com.zaxxer.hikari.HikariDataSource       : HikariPool-1 - Shutdown completed.
2025-06-20T10:57:44.875+05:30  INFO 7500 --- [flipkart] [main] c.example.flipkart.FlipkartApplication   : Starting FlipkartApplication using Java 23.0.1 with PID 7500 (C:\Users\Neosoft\Downloads\flipkart\flipkart\target\classes started by Neosoft in C:\Users\Neosoft\Downloads\flipkart\flipkart)
2025-06-20T10:57:44.882+05:30 DEBUG 7500 --- [flipkart] [main] c.example.flipkart.FlipkartApplication   : Running with Spring Boot v3.5.0, Spring v6.2.7
2025-06-20T10:57:44.884+05:30  INFO 7500 --- [flipkart] [main] c.example.flipkart.FlipkartApplication   : No active profile set, falling back to 1 default profile: "default"
2025-06-20T10:57:48.719+05:30  INFO 7500 --- [flipkart] [main] .s.d.r.c.RepositoryConfigurationDelegate : Bootstrapping Spring Data JPA repositories in DEFAULT mode.
2025-06-20T10:57:48.875+05:30  INFO 7500 --- [flipkart] [main] .s.d.r.c.RepositoryConfigurationDelegate : Finished Spring Data repository scanning in 133 ms. Found 3 JPA repository interfaces.
2025-06-20T10:57:50.457+05:30  INFO 7500 --- [flipkart] [main] o.s.b.w.embedded.tomcat.TomcatWebServer  : Tomcat initialized with port 8080 (http)
2025-06-20T10:57:50.493+05:30  INFO 7500 --- [flipkart] [main] o.apache.catalina.core.StandardService   : Starting service [Tomcat]
2025-06-20T10:57:50.494+05:30  INFO 7500 --- [flipkart] [main] o.apache.catalina.core.StandardEngine    : Starting Servlet engine: [Apache Tomcat/10.1.41]
2025-06-20T10:57:50.677+05:30  INFO 7500 --- [flipkart] [main] o.a.c.c.C.[Tomcat].[localhost].[/]       : Initializing Spring embedded WebApplicationContext
2025-06-20T10:57:50.680+05:30  INFO 7500 --- [flipkart] [main] w.s.c.ServletWebServerApplicationContext : Root WebApplicationContext: initialization completed in 5564 ms
2025-06-20T10:57:51.288+05:30  INFO 7500 --- [flipkart] [main] o.hibernate.jpa.internal.util.LogHelper  : HHH000204: Processing PersistenceUnitInfo [name: default]
2025-06-20T10:57:51.408+05:30  INFO 7500 --- [flipkart] [main] org.hibernate.Version                    : HHH000412: Hibernate ORM core version 6.6.15.Final
2025-06-20T10:57:51.479+05:30  INFO 7500 --- [flipkart] [main] o.h.c.internal.RegionFactoryInitiator    : HHH000026: Second-level cache disabled
2025-06-20T10:57:52.406+05:30  INFO 7500 --- [flipkart] [main] o.s.o.j.p.SpringPersistenceUnitInfo      : No LoadTimeWeaver setup: ignoring JPA class transformer
2025-06-20T10:57:52.516+05:30  INFO 7500 --- [flipkart] [main] com.zaxxer.hikari.HikariDataSource       : HikariPool-1 - Starting...
2025-06-20T10:57:53.387+05:30  INFO 7500 --- [flipkart] [main] com.zaxxer.hikari.pool.HikariPool        : HikariPool-1 - Added connection com.mysql.cj.jdbc.ConnectionImpl@20556566
2025-06-20T10:57:53.391+05:30  INFO 7500 --- [flipkart] [main] com.zaxxer.hikari.HikariDataSource       : HikariPool-1 - Start completed.
2025-06-20T10:57:53.501+05:30  WARN 7500 --- [flipkart] [main] org.hibernate.orm.deprecation            : HHH90000025: MySQLDialect does not need to be specified explicitly using 'hibernate.dialect' (remove the property setting and it will be selected by default)
2025-06-20T10:57:53.568+05:30  INFO 7500 --- [flipkart] [main] org.hibernate.orm.connections.pooling    : HHH10001005: Database info:
	Database JDBC URL [Connecting through datasource 'HikariDataSource (HikariPool-1)']
	Database driver: undefined/unknown
	Database version: 8.0.40
	Autocommit mode: undefined/unknown
	Isolation level: undefined/unknown
	Minimum pool size: undefined/unknown
	Maximum pool size: undefined/unknown
2025-06-20T10:57:55.540+05:30  INFO 7500 --- [flipkart] [main] o.h.e.t.j.p.i.JtaPlatformInitiator       : HHH000489: No JTA platform available (set 'hibernate.transaction.jta.platform' to enable JTA platform integration)
2025-06-20T10:57:55.644+05:30  INFO 7500 --- [flipkart] [main] j.LocalContainerEntityManagerFactoryBean : Initialized JPA EntityManagerFactory for persistence unit 'default'
2025-06-20T10:57:56.314+05:30 DEBUG 7500 --- [flipkart] [main] c.e.flipkart.Security.JwtRequestFilter   : Filter 'jwtRequestFilter' configured for use
2025-06-20T10:57:56.441+05:30  INFO 7500 --- [flipkart] [main] r$InitializeUserDetailsManagerConfigurer : Global AuthenticationManager configured with UserDetailsService bean with name customUserDetailsService
2025-06-20T10:57:56.561+05:30  INFO 7500 --- [flipkart] [main] o.s.d.j.r.query.QueryEnhancerFactory     : Hibernate is in classpath; If applicable, HQL parser will be used.
2025-06-20T10:57:57.964+05:30  WARN 7500 --- [flipkart] [main] JpaBaseConfiguration$JpaWebConfiguration : spring.jpa.open-in-view is enabled by default. Therefore, database queries may be performed during view rendering. Explicitly configure spring.jpa.open-in-view to disable this warning
2025-06-20T10:57:58.751+05:30  INFO 7500 --- [flipkart] [main] o.s.b.a.e.web.EndpointLinksResolver      : Exposing 14 endpoints beneath base path '/actuator'
2025-06-20T10:57:59.516+05:30  WARN 7500 --- [flipkart] [main] i.m.c.i.b.cache.CaffeineCacheMetrics     : The cache 'products' is not recording statistics. No meters except 'cache.size' will be registered. Call 'Caffeine#recordStats()' prior to building the cache for metrics to be recorded.
2025-06-20T10:57:59.813+05:30  INFO 7500 --- [flipkart] [main] o.s.b.w.embedded.tomcat.TomcatWebServer  : Tomcat started on port 8080 (http) with context path '/'
2025-06-20T10:57:59.853+05:30  INFO 7500 --- [flipkart] [main] c.example.flipkart.FlipkartApplication   : Started FlipkartApplication in 16.48 seconds (process running for 17.472)
2025-06-20T10:58:10.991+05:30  INFO 7500 --- [flipkart] [http-nio-8080-exec-2] o.a.c.c.C.[Tomcat].[localhost].[/]       : Initializing Spring DispatcherServlet 'dispatcherServlet'
2025-06-20T10:58:10.992+05:30  INFO 7500 --- [flipkart] [http-nio-8080-exec-2] o.s.web.servlet.DispatcherServlet        : Initializing Servlet 'dispatcherServlet'
2025-06-20T10:58:10.996+05:30  INFO 7500 --- [flipkart] [http-nio-8080-exec-2] o.s.web.servlet.DispatcherServlet        : Completed initialization in 4 ms
2025-06-20T11:00:03.020+05:30  INFO 7500 --- [flipkart] [SpringApplicationShutdownHook] o.s.b.w.e.tomcat.GracefulShutdown        : Commencing graceful shutdown. Waiting for active requests to complete
2025-06-20T11:00:03.041+05:30  INFO 7500 --- [flipkart] [tomcat-shutdown] o.s.b.w.e.tomcat.GracefulShutdown        : Graceful shutdown complete
2025-06-20T11:00:03.057+05:30  INFO 7500 --- [flipkart] [SpringApplicationShutdownHook] j.LocalContainerEntityManagerFactoryBean : Closing JPA EntityManagerFactory for persistence unit 'default'
2025-06-20T11:00:03.064+05:30  INFO 7500 --- [flipkart] [SpringApplicationShutdownHook] com.zaxxer.hikari.HikariDataSource       : HikariPool-1 - Shutdown initiated...
2025-06-20T11:00:03.085+05:30  INFO 7500 --- [flipkart] [SpringApplicationShutdownHook] com.zaxxer.hikari.HikariDataSource       : HikariPool-1 - Shutdown completed.
2025-06-20T11:00:07.795+05:30  INFO 7716 --- [flipkart] [main] c.example.flipkart.FlipkartApplication   : Starting FlipkartApplication using Java 23.0.1 with PID 7716 (C:\Users\Neosoft\Downloads\flipkart\flipkart\target\classes started by Neosoft in C:\Users\Neosoft\Downloads\flipkart\flipkart)
2025-06-20T11:00:07.800+05:30 DEBUG 7716 --- [flipkart] [main] c.example.flipkart.FlipkartApplication   : Running with Spring Boot v3.5.0, Spring v6.2.7
2025-06-20T11:00:07.801+05:30  INFO 7716 --- [flipkart] [main] c.example.flipkart.FlipkartApplication   : No active profile set, falling back to 1 default profile: "default"
2025-06-20T11:00:12.245+05:30  INFO 7716 --- [flipkart] [main] .s.d.r.c.RepositoryConfigurationDelegate : Bootstrapping Spring Data JPA repositories in DEFAULT mode.
2025-06-20T11:00:12.440+05:30  INFO 7716 --- [flipkart] [main] .s.d.r.c.RepositoryConfigurationDelegate : Finished Spring Data repository scanning in 169 ms. Found 3 JPA repository interfaces.
2025-06-20T11:00:14.254+05:30  INFO 7716 --- [flipkart] [main] o.s.b.w.embedded.tomcat.TomcatWebServer  : Tomcat initialized with port 8080 (http)
2025-06-20T11:00:14.295+05:30  INFO 7716 --- [flipkart] [main] o.apache.catalina.core.StandardService   : Starting service [Tomcat]
2025-06-20T11:00:14.296+05:30  INFO 7716 --- [flipkart] [main] o.apache.catalina.core.StandardEngine    : Starting Servlet engine: [Apache Tomcat/10.1.41]
2025-06-20T11:00:14.469+05:30  INFO 7716 --- [flipkart] [main] o.a.c.c.C.[Tomcat].[localhost].[/]       : Initializing Spring embedded WebApplicationContext
2025-06-20T11:00:14.473+05:30  INFO 7716 --- [flipkart] [main] w.s.c.ServletWebServerApplicationContext : Root WebApplicationContext: initialization completed in 6437 ms
2025-06-20T11:00:15.121+05:30  INFO 7716 --- [flipkart] [main] o.hibernate.jpa.internal.util.LogHelper  : HHH000204: Processing PersistenceUnitInfo [name: default]
2025-06-20T11:00:15.272+05:30  INFO 7716 --- [flipkart] [main] org.hibernate.Version                    : HHH000412: Hibernate ORM core version 6.6.15.Final
2025-06-20T11:00:15.369+05:30  INFO 7716 --- [flipkart] [main] o.h.c.internal.RegionFactoryInitiator    : HHH000026: Second-level cache disabled
2025-06-20T11:00:16.171+05:30  INFO 7716 --- [flipkart] [main] o.s.o.j.p.SpringPersistenceUnitInfo      : No LoadTimeWeaver setup: ignoring JPA class transformer
2025-06-20T11:00:16.255+05:30  INFO 7716 --- [flipkart] [main] com.zaxxer.hikari.HikariDataSource       : HikariPool-1 - Starting...
2025-06-20T11:00:17.213+05:30  INFO 7716 --- [flipkart] [main] com.zaxxer.hikari.pool.HikariPool        : HikariPool-1 - Added connection com.mysql.cj.jdbc.ConnectionImpl@7865cc83
2025-06-20T11:00:17.219+05:30  INFO 7716 --- [flipkart] [main] com.zaxxer.hikari.HikariDataSource       : HikariPool-1 - Start completed.
2025-06-20T11:00:17.346+05:30  WARN 7716 --- [flipkart] [main] org.hibernate.orm.deprecation            : HHH90000025: MySQLDialect does not need to be specified explicitly using 'hibernate.dialect' (remove the property setting and it will be selected by default)
2025-06-20T11:00:17.433+05:30  INFO 7716 --- [flipkart] [main] org.hibernate.orm.connections.pooling    : HHH10001005: Database info:
	Database JDBC URL [Connecting through datasource 'HikariDataSource (HikariPool-1)']
	Database driver: undefined/unknown
	Database version: 8.0.40
	Autocommit mode: undefined/unknown
	Isolation level: undefined/unknown
	Minimum pool size: undefined/unknown
	Maximum pool size: undefined/unknown
2025-06-20T11:00:19.749+05:30  INFO 7716 --- [flipkart] [main] o.h.e.t.j.p.i.JtaPlatformInitiator       : HHH000489: No JTA platform available (set 'hibernate.transaction.jta.platform' to enable JTA platform integration)
2025-06-20T11:00:19.895+05:30  INFO 7716 --- [flipkart] [main] j.LocalContainerEntityManagerFactoryBean : Initialized JPA EntityManagerFactory for persistence unit 'default'
2025-06-20T11:00:20.789+05:30 DEBUG 7716 --- [flipkart] [main] c.e.flipkart.Security.JwtRequestFilter   : Filter 'jwtRequestFilter' configured for use
2025-06-20T11:00:20.985+05:30  INFO 7716 --- [flipkart] [main] r$InitializeUserDetailsManagerConfigurer : Global AuthenticationManager configured with UserDetailsService bean with name customUserDetailsService
2025-06-20T11:00:21.143+05:30  INFO 7716 --- [flipkart] [main] o.s.d.j.r.query.QueryEnhancerFactory     : Hibernate is in classpath; If applicable, HQL parser will be used.
2025-06-20T11:00:22.957+05:30  WARN 7716 --- [flipkart] [main] JpaBaseConfiguration$JpaWebConfiguration : spring.jpa.open-in-view is enabled by default. Therefore, database queries may be performed during view rendering. Explicitly configure spring.jpa.open-in-view to disable this warning
2025-06-20T11:00:23.949+05:30  INFO 7716 --- [flipkart] [main] o.s.b.a.e.web.EndpointLinksResolver      : Exposing 14 endpoints beneath base path '/actuator'
2025-06-20T11:00:24.888+05:30  WARN 7716 --- [flipkart] [main] i.m.c.i.b.cache.CaffeineCacheMetrics     : The cache 'products' is not recording statistics. No meters except 'cache.size' will be registered. Call 'Caffeine#recordStats()' prior to building the cache for metrics to be recorded.
2025-06-20T11:00:25.270+05:30  INFO 7716 --- [flipkart] [main] o.s.b.w.embedded.tomcat.TomcatWebServer  : Tomcat started on port 8080 (http) with context path '/'
2025-06-20T11:00:25.313+05:30  INFO 7716 --- [flipkart] [main] c.example.flipkart.FlipkartApplication   : Started FlipkartApplication in 19.074 seconds (process running for 20.256)
2025-06-20T11:03:10.707+05:30  INFO 7716 --- [flipkart] [http-nio-8080-exec-1] o.a.c.c.C.[Tomcat].[localhost].[/]       : Initializing Spring DispatcherServlet 'dispatcherServlet'
2025-06-20T11:03:10.707+05:30  INFO 7716 --- [flipkart] [http-nio-8080-exec-1] o.s.web.servlet.DispatcherServlet        : Initializing Servlet 'dispatcherServlet'
2025-06-20T11:03:10.709+05:30  INFO 7716 --- [flipkart] [http-nio-8080-exec-1] o.s.web.servlet.DispatcherServlet        : Completed initialization in 1 ms
2025-06-20T11:05:27.601+05:30 ERROR 7716 --- [flipkart] [http-nio-8080-exec-5] o.a.c.c.C.[.[.[/].[dispatcherServlet]    : Servlet.service() for servlet [dispatcherServlet] in context with path [] threw exception

io.jsonwebtoken.security.SignatureException: JWT signature does not match locally computed signature. JWT validity cannot be asserted and should not be trusted.
	at io.jsonwebtoken.impl.DefaultJwtParser.verifySignature(DefaultJwtParser.java:340) ~[jjwt-impl-0.12.6.jar:0.12.6]
	at io.jsonwebtoken.impl.DefaultJwtParser.parse(DefaultJwtParser.java:579) ~[jjwt-impl-0.12.6.jar:0.12.6]
	at io.jsonwebtoken.impl.DefaultJwtParser.parse(DefaultJwtParser.java:364) ~[jjwt-impl-0.12.6.jar:0.12.6]
	at io.jsonwebtoken.impl.DefaultJwtParser.parse(DefaultJwtParser.java:94) ~[jjwt-impl-0.12.6.jar:0.12.6]
	at io.jsonwebtoken.impl.io.AbstractParser.parse(AbstractParser.java:36) ~[jjwt-impl-0.12.6.jar:0.12.6]
	at io.jsonwebtoken.impl.io.AbstractParser.parse(AbstractParser.java:29) ~[jjwt-impl-0.12.6.jar:0.12.6]
	at io.jsonwebtoken.impl.DefaultJwtParser.parseSignedClaims(DefaultJwtParser.java:830) ~[jjwt-impl-0.12.6.jar:0.12.6]
	at com.example.flipkart.Utilities.JwtUtil.extractAllClaims(JwtUtil.java:92) ~[classes/:na]
	at com.example.flipkart.Utilities.JwtUtil.extractUsername(JwtUtil.java:80) ~[classes/:na]
	at com.example.flipkart.Security.JwtRequestFilter.doFilterInternal(JwtRequestFilter.java:35) ~[classes/:na]
	at org.springframework.web.filter.OncePerRequestFilter.doFilter(OncePerRequestFilter.java:116) ~[spring-web-6.2.7.jar:6.2.7]
	at org.springframework.security.web.ObservationFilterChainDecorator$ObservationFilter.wrapFilter(ObservationFilterChainDecorator.java:240) ~[spring-security-web-6.5.0.jar:6.5.0]
	at org.springframework.security.web.ObservationFilterChainDecorator$ObservationFilter.doFilter(ObservationFilterChainDecorator.java:227) ~[spring-security-web-6.5.0.jar:6.5.0]
	at org.springframework.security.web.ObservationFilterChainDecorator$VirtualFilterChain.doFilter(ObservationFilterChainDecorator.java:137) ~[spring-security-web-6.5.0.jar:6.5.0]
	at org.springframework.security.web.authentication.logout.LogoutFilter.doFilter(LogoutFilter.java:107) ~[spring-security-web-6.5.0.jar:6.5.0]
	at org.springframework.security.web.authentication.logout.LogoutFilter.doFilter(LogoutFilter.java:93) ~[spring-security-web-6.5.0.jar:6.5.0]
	at org.springframework.security.web.ObservationFilterChainDecorator$ObservationFilter.wrapFilter(ObservationFilterChainDecorator.java:240) ~[spring-security-web-6.5.0.jar:6.5.0]
	at org.springframework.security.web.ObservationFilterChainDecorator$ObservationFilter.doFilter(ObservationFilterChainDecorator.java:227) ~[spring-security-web-6.5.0.jar:6.5.0]
	at org.springframework.security.web.ObservationFilterChainDecorator$VirtualFilterChain.doFilter(ObservationFilterChainDecorator.java:137) ~[spring-security-web-6.5.0.jar:6.5.0]
	at org.springframework.security.web.header.HeaderWriterFilter.doHeadersAfter(HeaderWriterFilter.java:90) ~[spring-security-web-6.5.0.jar:6.5.0]
	at org.springframework.security.web.header.HeaderWriterFilter.doFilterInternal(HeaderWriterFilter.java:75) ~[spring-security-web-6.5.0.jar:6.5.0]
	at org.springframework.web.filter.OncePerRequestFilter.doFilter(OncePerRequestFilter.java:116) ~[spring-web-6.2.7.jar:6.2.7]
	at org.springframework.security.web.ObservationFilterChainDecorator$ObservationFilter.wrapFilter(ObservationFilterChainDecorator.java:240) ~[spring-security-web-6.5.0.jar:6.5.0]
	at org.springframework.security.web.ObservationFilterChainDecorator$ObservationFilter.doFilter(ObservationFilterChainDecorator.java:227) ~[spring-security-web-6.5.0.jar:6.5.0]
	at org.springframework.security.web.ObservationFilterChainDecorator$VirtualFilterChain.doFilter(ObservationFilterChainDecorator.java:137) ~[spring-security-web-6.5.0.jar:6.5.0]
	at org.springframework.security.web.context.SecurityContextHolderFilter.doFilter(SecurityContextHolderFilter.java:82) ~[spring-security-web-6.5.0.jar:6.5.0]
	at org.springframework.security.web.context.SecurityContextHolderFilter.doFilter(SecurityContextHolderFilter.java:69) ~[spring-security-web-6.5.0.jar:6.5.0]
	at org.springframework.security.web.ObservationFilterChainDecorator$ObservationFilter.wrapFilter(ObservationFilterChainDecorator.java:240) ~[spring-security-web-6.5.0.jar:6.5.0]
	at org.springframework.security.web.ObservationFilterChainDecorator$ObservationFilter.doFilter(ObservationFilterChainDecorator.java:227) ~[spring-security-web-6.5.0.jar:6.5.0]
	at org.springframework.security.web.ObservationFilterChainDecorator$VirtualFilterChain.doFilter(ObservationFilterChainDecorator.java:137) ~[spring-security-web-6.5.0.jar:6.5.0]
	at org.springframework.security.web.context.request.async.WebAsyncManagerIntegrationFilter.doFilterInternal(WebAsyncManagerIntegrationFilter.java:62) ~[spring-security-web-6.5.0.jar:6.5.0]
	at org.springframework.web.filter.OncePerRequestFilter.doFilter(OncePerRequestFilter.java:116) ~[spring-web-6.2.7.jar:6.2.7]
	at org.springframework.security.web.ObservationFilterChainDecorator$ObservationFilter.wrapFilter(ObservationFilterChainDecorator.java:240) ~[spring-security-web-6.5.0.jar:6.5.0]
	at org.springframework.security.web.ObservationFilterChainDecorator$ObservationFilter.doFilter(ObservationFilterChainDecorator.java:227) ~[spring-security-web-6.5.0.jar:6.5.0]
	at org.springframework.security.web.ObservationFilterChainDecorator$VirtualFilterChain.doFilter(ObservationFilterChainDecorator.java:137) ~[spring-security-web-6.5.0.jar:6.5.0]
	at org.springframework.security.web.session.DisableEncodeUrlFilter.doFilterInternal(DisableEncodeUrlFilter.java:42) ~[spring-security-web-6.5.0.jar:6.5.0]
	at org.springframework.web.filter.OncePerRequestFilter.doFilter(OncePerRequestFilter.java:116) ~[spring-web-6.2.7.jar:6.2.7]
	at org.springframework.security.web.ObservationFilterChainDecorator$ObservationFilter.wrapFilter(ObservationFilterChainDecorator.java:240) ~[spring-security-web-6.5.0.jar:6.5.0]
	at org.springframework.security.web.ObservationFilterChainDecorator$AroundFilterObservation$SimpleAroundFilterObservation.lambda$wrap$0(ObservationFilterChainDecorator.java:323) ~[spring-security-web-6.5.0.jar:6.5.0]
	at org.springframework.security.web.ObservationFilterChainDecorator$ObservationFilter.doFilter(ObservationFilterChainDecorator.java:224) ~[spring-security-web-6.5.0.jar:6.5.0]
	at org.springframework.security.web.ObservationFilterChainDecorator$VirtualFilterChain.doFilter(ObservationFilterChainDecorator.java:137) ~[spring-security-web-6.5.0.jar:6.5.0]
	at org.springframework.security.web.FilterChainProxy.doFilterInternal(FilterChainProxy.java:233) ~[spring-security-web-6.5.0.jar:6.5.0]
	at org.springframework.security.web.FilterChainProxy.doFilter(FilterChainProxy.java:191) ~[spring-security-web-6.5.0.jar:6.5.0]
	at org.springframework.web.filter.CompositeFilter$VirtualFilterChain.doFilter(CompositeFilter.java:113) ~[spring-web-6.2.7.jar:6.2.7]
	at org.springframework.web.filter.ServletRequestPathFilter.doFilter(ServletRequestPathFilter.java:52) ~[spring-web-6.2.7.jar:6.2.7]
	at org.springframework.web.filter.CompositeFilter$VirtualFilterChain.doFilter(CompositeFilter.java:113) ~[spring-web-6.2.7.jar:6.2.7]
	at org.springframework.web.filter.CompositeFilter.doFilter(CompositeFilter.java:74) ~[spring-web-6.2.7.jar:6.2.7]
	at org.springframework.security.config.annotation.web.configuration.WebSecurityConfiguration$CompositeFilterChainProxy.doFilter(WebSecurityConfiguration.java:319) ~[spring-security-config-6.5.0.jar:6.5.0]
	at org.springframework.web.filter.CompositeFilter$VirtualFilterChain.doFilter(CompositeFilter.java:113) ~[spring-web-6.2.7.jar:6.2.7]
	at org.springframework.web.servlet.handler.HandlerMappingIntrospector.lambda$createCacheFilter$3(HandlerMappingIntrospector.java:243) ~[spring-webmvc-6.2.7.jar:6.2.7]
	at org.springframework.web.filter.CompositeFilter$VirtualFilterChain.doFilter(CompositeFilter.java:113) ~[spring-web-6.2.7.jar:6.2.7]
	at org.springframework.web.filter.CompositeFilter.doFilter(CompositeFilter.java:74) ~[spring-web-6.2.7.jar:6.2.7]
	at org.springframework.security.config.annotation.web.configuration.WebMvcSecurityConfiguration$CompositeFilterChainProxy.doFilter(WebMvcSecurityConfiguration.java:240) ~[spring-security-config-6.5.0.jar:6.5.0]
	at org.springframework.web.filter.DelegatingFilterProxy.invokeDelegate(DelegatingFilterProxy.java:362) ~[spring-web-6.2.7.jar:6.2.7]
	at org.springframework.web.filter.DelegatingFilterProxy.doFilter(DelegatingFilterProxy.java:278) ~[spring-web-6.2.7.jar:6.2.7]
	at org.apache.catalina.core.ApplicationFilterChain.internalDoFilter(ApplicationFilterChain.java:164) ~[tomcat-embed-core-10.1.41.jar:10.1.41]
	at org.apache.catalina.core.ApplicationFilterChain.doFilter(ApplicationFilterChain.java:140) ~[tomcat-embed-core-10.1.41.jar:10.1.41]
	at org.springframework.web.filter.RequestContextFilter.doFilterInternal(RequestContextFilter.java:100) ~[spring-web-6.2.7.jar:6.2.7]
	at org.springframework.web.filter.OncePerRequestFilter.doFilter(OncePerRequestFilter.java:116) ~[spring-web-6.2.7.jar:6.2.7]
	at org.apache.catalina.core.ApplicationFilterChain.internalDoFilter(ApplicationFilterChain.java:164) ~[tomcat-embed-core-10.1.41.jar:10.1.41]
	at org.apache.catalina.core.ApplicationFilterChain.doFilter(ApplicationFilterChain.java:140) ~[tomcat-embed-core-10.1.41.jar:10.1.41]
	at org.springframework.web.filter.FormContentFilter.doFilterInternal(FormContentFilter.java:93) ~[spring-web-6.2.7.jar:6.2.7]
	at org.springframework.web.filter.OncePerRequestFilter.doFilter(OncePerRequestFilter.java:116) ~[spring-web-6.2.7.jar:6.2.7]
	at org.apache.catalina.core.ApplicationFilterChain.internalDoFilter(ApplicationFilterChain.java:164) ~[tomcat-embed-core-10.1.41.jar:10.1.41]
	at org.apache.catalina.core.ApplicationFilterChain.doFilter(ApplicationFilterChain.java:140) ~[tomcat-embed-core-10.1.41.jar:10.1.41]
	at org.springframework.web.filter.ServerHttpObservationFilter.doFilterInternal(ServerHttpObservationFilter.java:114) ~[spring-web-6.2.7.jar:6.2.7]
	at org.springframework.web.filter.OncePerRequestFilter.doFilter(OncePerRequestFilter.java:116) ~[spring-web-6.2.7.jar:6.2.7]
	at org.apache.catalina.core.ApplicationFilterChain.internalDoFilter(ApplicationFilterChain.java:164) ~[tomcat-embed-core-10.1.41.jar:10.1.41]
	at org.apache.catalina.core.ApplicationFilterChain.doFilter(ApplicationFilterChain.java:140) ~[tomcat-embed-core-10.1.41.jar:10.1.41]
	at org.springframework.web.filter.CharacterEncodingFilter.doFilterInternal(CharacterEncodingFilter.java:201) ~[spring-web-6.2.7.jar:6.2.7]
	at org.springframework.web.filter.OncePerRequestFilter.doFilter(OncePerRequestFilter.java:116) ~[spring-web-6.2.7.jar:6.2.7]
	at org.apache.catalina.core.ApplicationFilterChain.internalDoFilter(ApplicationFilterChain.java:164) ~[tomcat-embed-core-10.1.41.jar:10.1.41]
	at org.apache.catalina.core.ApplicationFilterChain.doFilter(ApplicationFilterChain.java:140) ~[tomcat-embed-core-10.1.41.jar:10.1.41]
	at org.apache.catalina.core.StandardWrapperValve.invoke(StandardWrapperValve.java:167) ~[tomcat-embed-core-10.1.41.jar:10.1.41]
	at org.apache.catalina.core.StandardContextValve.invoke(StandardContextValve.java:90) ~[tomcat-embed-core-10.1.41.jar:10.1.41]
	at org.apache.catalina.authenticator.AuthenticatorBase.invoke(AuthenticatorBase.java:483) ~[tomcat-embed-core-10.1.41.jar:10.1.41]
	at org.apache.catalina.core.StandardHostValve.invoke(StandardHostValve.java:116) ~[tomcat-embed-core-10.1.41.jar:10.1.41]
	at org.apache.catalina.valves.ErrorReportValve.invoke(ErrorReportValve.java:93) ~[tomcat-embed-core-10.1.41.jar:10.1.41]
	at org.apache.catalina.core.StandardEngineValve.invoke(StandardEngineValve.java:74) ~[tomcat-embed-core-10.1.41.jar:10.1.41]
	at org.apache.catalina.connector.CoyoteAdapter.service(CoyoteAdapter.java:344) ~[tomcat-embed-core-10.1.41.jar:10.1.41]
	at org.apache.coyote.http11.Http11Processor.service(Http11Processor.java:398) ~[tomcat-embed-core-10.1.41.jar:10.1.41]
	at org.apache.coyote.AbstractProcessorLight.process(AbstractProcessorLight.java:63) ~[tomcat-embed-core-10.1.41.jar:10.1.41]
	at org.apache.coyote.AbstractProtocol$ConnectionHandler.process(AbstractProtocol.java:903) ~[tomcat-embed-core-10.1.41.jar:10.1.41]
	at org.apache.tomcat.util.net.NioEndpoint$SocketProcessor.doRun(NioEndpoint.java:1740) ~[tomcat-embed-core-10.1.41.jar:10.1.41]
	at org.apache.tomcat.util.net.SocketProcessorBase.run(SocketProcessorBase.java:52) ~[tomcat-embed-core-10.1.41.jar:10.1.41]
	at org.apache.tomcat.util.threads.ThreadPoolExecutor.runWorker(ThreadPoolExecutor.java:1189) ~[tomcat-embed-core-10.1.41.jar:10.1.41]
	at org.apache.tomcat.util.threads.ThreadPoolExecutor$Worker.run(ThreadPoolExecutor.java:658) ~[tomcat-embed-core-10.1.41.jar:10.1.41]
	at org.apache.tomcat.util.threads.TaskThread$WrappingRunnable.run(TaskThread.java:63) ~[tomcat-embed-core-10.1.41.jar:10.1.41]
	at java.base/java.lang.Thread.run(Thread.java:1575) ~[na:na]

2025-06-20T11:07:14.154+05:30 ERROR 7716 --- [flipkart] [http-nio-8080-exec-7] o.a.c.c.C.[.[.[/].[dispatcherServlet]    : Servlet.service() for servlet [dispatcherServlet] in context with path [] threw exception

io.jsonwebtoken.MalformedJwtException: Compact JWT strings may not contain whitespace.
	at io.jsonwebtoken.impl.JwtTokenizer.tokenize(JwtTokenizer.java:67) ~[jjwt-impl-0.12.6.jar:0.12.6]
	at io.jsonwebtoken.impl.DefaultJwtParser.parse(DefaultJwtParser.java:372) ~[jjwt-impl-0.12.6.jar:0.12.6]
	at io.jsonwebtoken.impl.DefaultJwtParser.parse(DefaultJwtParser.java:364) ~[jjwt-impl-0.12.6.jar:0.12.6]
	at io.jsonwebtoken.impl.DefaultJwtParser.parse(DefaultJwtParser.java:94) ~[jjwt-impl-0.12.6.jar:0.12.6]
	at io.jsonwebtoken.impl.io.AbstractParser.parse(AbstractParser.java:36) ~[jjwt-impl-0.12.6.jar:0.12.6]
	at io.jsonwebtoken.impl.io.AbstractParser.parse(AbstractParser.java:29) ~[jjwt-impl-0.12.6.jar:0.12.6]
	at io.jsonwebtoken.impl.DefaultJwtParser.parseSignedClaims(DefaultJwtParser.java:830) ~[jjwt-impl-0.12.6.jar:0.12.6]
	at com.example.flipkart.Utilities.JwtUtil.extractAllClaims(JwtUtil.java:92) ~[classes/:na]
	at com.example.flipkart.Utilities.JwtUtil.extractUsername(JwtUtil.java:80) ~[classes/:na]
	at com.example.flipkart.Security.JwtRequestFilter.doFilterInternal(JwtRequestFilter.java:35) ~[classes/:na]
	at org.springframework.web.filter.OncePerRequestFilter.doFilter(OncePerRequestFilter.java:116) ~[spring-web-6.2.7.jar:6.2.7]
	at org.springframework.security.web.ObservationFilterChainDecorator$ObservationFilter.wrapFilter(ObservationFilterChainDecorator.java:240) ~[spring-security-web-6.5.0.jar:6.5.0]
	at org.springframework.security.web.ObservationFilterChainDecorator$ObservationFilter.doFilter(ObservationFilterChainDecorator.java:227) ~[spring-security-web-6.5.0.jar:6.5.0]
	at org.springframework.security.web.ObservationFilterChainDecorator$VirtualFilterChain.doFilter(ObservationFilterChainDecorator.java:137) ~[spring-security-web-6.5.0.jar:6.5.0]
	at org.springframework.security.web.authentication.logout.LogoutFilter.doFilter(LogoutFilter.java:107) ~[spring-security-web-6.5.0.jar:6.5.0]
	at org.springframework.security.web.authentication.logout.LogoutFilter.doFilter(LogoutFilter.java:93) ~[spring-security-web-6.5.0.jar:6.5.0]
	at org.springframework.security.web.ObservationFilterChainDecorator$ObservationFilter.wrapFilter(ObservationFilterChainDecorator.java:240) ~[spring-security-web-6.5.0.jar:6.5.0]
	at org.springframework.security.web.ObservationFilterChainDecorator$ObservationFilter.doFilter(ObservationFilterChainDecorator.java:227) ~[spring-security-web-6.5.0.jar:6.5.0]
	at org.springframework.security.web.ObservationFilterChainDecorator$VirtualFilterChain.doFilter(ObservationFilterChainDecorator.java:137) ~[spring-security-web-6.5.0.jar:6.5.0]
	at org.springframework.security.web.header.HeaderWriterFilter.doHeadersAfter(HeaderWriterFilter.java:90) ~[spring-security-web-6.5.0.jar:6.5.0]
	at org.springframework.security.web.header.HeaderWriterFilter.doFilterInternal(HeaderWriterFilter.java:75) ~[spring-security-web-6.5.0.jar:6.5.0]
	at org.springframework.web.filter.OncePerRequestFilter.doFilter(OncePerRequestFilter.java:116) ~[spring-web-6.2.7.jar:6.2.7]
	at org.springframework.security.web.ObservationFilterChainDecorator$ObservationFilter.wrapFilter(ObservationFilterChainDecorator.java:240) ~[spring-security-web-6.5.0.jar:6.5.0]
	at org.springframework.security.web.ObservationFilterChainDecorator$ObservationFilter.doFilter(ObservationFilterChainDecorator.java:227) ~[spring-security-web-6.5.0.jar:6.5.0]
	at org.springframework.security.web.ObservationFilterChainDecorator$VirtualFilterChain.doFilter(ObservationFilterChainDecorator.java:137) ~[spring-security-web-6.5.0.jar:6.5.0]
	at org.springframework.security.web.context.SecurityContextHolderFilter.doFilter(SecurityContextHolderFilter.java:82) ~[spring-security-web-6.5.0.jar:6.5.0]
	at org.springframework.security.web.context.SecurityContextHolderFilter.doFilter(SecurityContextHolderFilter.java:69) ~[spring-security-web-6.5.0.jar:6.5.0]
	at org.springframework.security.web.ObservationFilterChainDecorator$ObservationFilter.wrapFilter(ObservationFilterChainDecorator.java:240) ~[spring-security-web-6.5.0.jar:6.5.0]
	at org.springframework.security.web.ObservationFilterChainDecorator$ObservationFilter.doFilter(ObservationFilterChainDecorator.java:227) ~[spring-security-web-6.5.0.jar:6.5.0]
	at org.springframework.security.web.ObservationFilterChainDecorator$VirtualFilterChain.doFilter(ObservationFilterChainDecorator.java:137) ~[spring-security-web-6.5.0.jar:6.5.0]
	at org.springframework.security.web.context.request.async.WebAsyncManagerIntegrationFilter.doFilterInternal(WebAsyncManagerIntegrationFilter.java:62) ~[spring-security-web-6.5.0.jar:6.5.0]
	at org.springframework.web.filter.OncePerRequestFilter.doFilter(OncePerRequestFilter.java:116) ~[spring-web-6.2.7.jar:6.2.7]
	at org.springframework.security.web.ObservationFilterChainDecorator$ObservationFilter.wrapFilter(ObservationFilterChainDecorator.java:240) ~[spring-security-web-6.5.0.jar:6.5.0]
	at org.springframework.security.web.ObservationFilterChainDecorator$ObservationFilter.doFilter(ObservationFilterChainDecorator.java:227) ~[spring-security-web-6.5.0.jar:6.5.0]
	at org.springframework.security.web.ObservationFilterChainDecorator$VirtualFilterChain.doFilter(ObservationFilterChainDecorator.java:137) ~[spring-security-web-6.5.0.jar:6.5.0]
	at org.springframework.security.web.session.DisableEncodeUrlFilter.doFilterInternal(DisableEncodeUrlFilter.java:42) ~[spring-security-web-6.5.0.jar:6.5.0]
	at org.springframework.web.filter.OncePerRequestFilter.doFilter(OncePerRequestFilter.java:116) ~[spring-web-6.2.7.jar:6.2.7]
	at org.springframework.security.web.ObservationFilterChainDecorator$ObservationFilter.wrapFilter(ObservationFilterChainDecorator.java:240) ~[spring-security-web-6.5.0.jar:6.5.0]
	at org.springframework.security.web.ObservationFilterChainDecorator$AroundFilterObservation$SimpleAroundFilterObservation.lambda$wrap$0(ObservationFilterChainDecorator.java:323) ~[spring-security-web-6.5.0.jar:6.5.0]
	at org.springframework.security.web.ObservationFilterChainDecorator$ObservationFilter.doFilter(ObservationFilterChainDecorator.java:224) ~[spring-security-web-6.5.0.jar:6.5.0]
	at org.springframework.security.web.ObservationFilterChainDecorator$VirtualFilterChain.doFilter(ObservationFilterChainDecorator.java:137) ~[spring-security-web-6.5.0.jar:6.5.0]
	at org.springframework.security.web.FilterChainProxy.doFilterInternal(FilterChainProxy.java:233) ~[spring-security-web-6.5.0.jar:6.5.0]
	at org.springframework.security.web.FilterChainProxy.doFilter(FilterChainProxy.java:191) ~[spring-security-web-6.5.0.jar:6.5.0]
	at org.springframework.web.filter.CompositeFilter$VirtualFilterChain.doFilter(CompositeFilter.java:113) ~[spring-web-6.2.7.jar:6.2.7]
	at org.springframework.web.filter.ServletRequestPathFilter.doFilter(ServletRequestPathFilter.java:52) ~[spring-web-6.2.7.jar:6.2.7]
	at org.springframework.web.filter.CompositeFilter$VirtualFilterChain.doFilter(CompositeFilter.java:113) ~[spring-web-6.2.7.jar:6.2.7]
	at org.springframework.web.filter.CompositeFilter.doFilter(CompositeFilter.java:74) ~[spring-web-6.2.7.jar:6.2.7]
	at org.springframework.security.config.annotation.web.configuration.WebSecurityConfiguration$CompositeFilterChainProxy.doFilter(WebSecurityConfiguration.java:319) ~[spring-security-config-6.5.0.jar:6.5.0]
	at org.springframework.web.filter.CompositeFilter$VirtualFilterChain.doFilter(CompositeFilter.java:113) ~[spring-web-6.2.7.jar:6.2.7]
	at org.springframework.web.servlet.handler.HandlerMappingIntrospector.lambda$createCacheFilter$3(HandlerMappingIntrospector.java:243) ~[spring-webmvc-6.2.7.jar:6.2.7]
	at org.springframework.web.filter.CompositeFilter$VirtualFilterChain.doFilter(CompositeFilter.java:113) ~[spring-web-6.2.7.jar:6.2.7]
	at org.springframework.web.filter.CompositeFilter.doFilter(CompositeFilter.java:74) ~[spring-web-6.2.7.jar:6.2.7]
	at org.springframework.security.config.annotation.web.configuration.WebMvcSecurityConfiguration$CompositeFilterChainProxy.doFilter(WebMvcSecurityConfiguration.java:240) ~[spring-security-config-6.5.0.jar:6.5.0]
	at org.springframework.web.filter.DelegatingFilterProxy.invokeDelegate(DelegatingFilterProxy.java:362) ~[spring-web-6.2.7.jar:6.2.7]
	at org.springframework.web.filter.DelegatingFilterProxy.doFilter(DelegatingFilterProxy.java:278) ~[spring-web-6.2.7.jar:6.2.7]
	at org.apache.catalina.core.ApplicationFilterChain.internalDoFilter(ApplicationFilterChain.java:164) ~[tomcat-embed-core-10.1.41.jar:10.1.41]
	at org.apache.catalina.core.ApplicationFilterChain.doFilter(ApplicationFilterChain.java:140) ~[tomcat-embed-core-10.1.41.jar:10.1.41]
	at org.springframework.web.filter.RequestContextFilter.doFilterInternal(RequestContextFilter.java:100) ~[spring-web-6.2.7.jar:6.2.7]
	at org.springframework.web.filter.OncePerRequestFilter.doFilter(OncePerRequestFilter.java:116) ~[spring-web-6.2.7.jar:6.2.7]
	at org.apache.catalina.core.ApplicationFilterChain.internalDoFilter(ApplicationFilterChain.java:164) ~[tomcat-embed-core-10.1.41.jar:10.1.41]
	at org.apache.catalina.core.ApplicationFilterChain.doFilter(ApplicationFilterChain.java:140) ~[tomcat-embed-core-10.1.41.jar:10.1.41]
	at org.springframework.web.filter.FormContentFilter.doFilterInternal(FormContentFilter.java:93) ~[spring-web-6.2.7.jar:6.2.7]
	at org.springframework.web.filter.OncePerRequestFilter.doFilter(OncePerRequestFilter.java:116) ~[spring-web-6.2.7.jar:6.2.7]
	at org.apache.catalina.core.ApplicationFilterChain.internalDoFilter(ApplicationFilterChain.java:164) ~[tomcat-embed-core-10.1.41.jar:10.1.41]
	at org.apache.catalina.core.ApplicationFilterChain.doFilter(ApplicationFilterChain.java:140) ~[tomcat-embed-core-10.1.41.jar:10.1.41]
	at org.springframework.web.filter.ServerHttpObservationFilter.doFilterInternal(ServerHttpObservationFilter.java:114) ~[spring-web-6.2.7.jar:6.2.7]
	at org.springframework.web.filter.OncePerRequestFilter.doFilter(OncePerRequestFilter.java:116) ~[spring-web-6.2.7.jar:6.2.7]
	at org.apache.catalina.core.ApplicationFilterChain.internalDoFilter(ApplicationFilterChain.java:164) ~[tomcat-embed-core-10.1.41.jar:10.1.41]
	at org.apache.catalina.core.ApplicationFilterChain.doFilter(ApplicationFilterChain.java:140) ~[tomcat-embed-core-10.1.41.jar:10.1.41]
	at org.springframework.web.filter.CharacterEncodingFilter.doFilterInternal(CharacterEncodingFilter.java:201) ~[spring-web-6.2.7.jar:6.2.7]
	at org.springframework.web.filter.OncePerRequestFilter.doFilter(OncePerRequestFilter.java:116) ~[spring-web-6.2.7.jar:6.2.7]
	at org.apache.catalina.core.ApplicationFilterChain.internalDoFilter(ApplicationFilterChain.java:164) ~[tomcat-embed-core-10.1.41.jar:10.1.41]
	at org.apache.catalina.core.ApplicationFilterChain.doFilter(ApplicationFilterChain.java:140) ~[tomcat-embed-core-10.1.41.jar:10.1.41]
	at org.apache.catalina.core.StandardWrapperValve.invoke(StandardWrapperValve.java:167) ~[tomcat-embed-core-10.1.41.jar:10.1.41]
	at org.apache.catalina.core.StandardContextValve.invoke(StandardContextValve.java:90) ~[tomcat-embed-core-10.1.41.jar:10.1.41]
	at org.apache.catalina.authenticator.AuthenticatorBase.invoke(AuthenticatorBase.java:483) ~[tomcat-embed-core-10.1.41.jar:10.1.41]
	at org.apache.catalina.core.StandardHostValve.invoke(StandardHostValve.java:116) ~[tomcat-embed-core-10.1.41.jar:10.1.41]
	at org.apache.catalina.valves.ErrorReportValve.invoke(ErrorReportValve.java:93) ~[tomcat-embed-core-10.1.41.jar:10.1.41]
	at org.apache.catalina.core.StandardEngineValve.invoke(StandardEngineValve.java:74) ~[tomcat-embed-core-10.1.41.jar:10.1.41]
	at org.apache.catalina.connector.CoyoteAdapter.service(CoyoteAdapter.java:344) ~[tomcat-embed-core-10.1.41.jar:10.1.41]
	at org.apache.coyote.http11.Http11Processor.service(Http11Processor.java:398) ~[tomcat-embed-core-10.1.41.jar:10.1.41]
	at org.apache.coyote.AbstractProcessorLight.process(AbstractProcessorLight.java:63) ~[tomcat-embed-core-10.1.41.jar:10.1.41]
	at org.apache.coyote.AbstractProtocol$ConnectionHandler.process(AbstractProtocol.java:903) ~[tomcat-embed-core-10.1.41.jar:10.1.41]
	at org.apache.tomcat.util.net.NioEndpoint$SocketProcessor.doRun(NioEndpoint.java:1740) ~[tomcat-embed-core-10.1.41.jar:10.1.41]
	at org.apache.tomcat.util.net.SocketProcessorBase.run(SocketProcessorBase.java:52) ~[tomcat-embed-core-10.1.41.jar:10.1.41]
	at org.apache.tomcat.util.threads.ThreadPoolExecutor.runWorker(ThreadPoolExecutor.java:1189) ~[tomcat-embed-core-10.1.41.jar:10.1.41]
	at org.apache.tomcat.util.threads.ThreadPoolExecutor$Worker.run(ThreadPoolExecutor.java:658) ~[tomcat-embed-core-10.1.41.jar:10.1.41]
	at org.apache.tomcat.util.threads.TaskThread$WrappingRunnable.run(TaskThread.java:63) ~[tomcat-embed-core-10.1.41.jar:10.1.41]
	at java.base/java.lang.Thread.run(Thread.java:1575) ~[na:na]

2025-06-20T11:51:02.380+05:30  WARN 7716 --- [flipkart] [HikariPool-1:housekeeper] com.zaxxer.hikari.pool.HikariPool        : HikariPool-1 - Thread starvation or clock leap detected (housekeeper delta=43m20s754ms756µs800ns).
2025-06-20T11:51:06.022+05:30 ERROR 7716 --- [flipkart] [http-nio-8080-exec-10] o.a.c.c.C.[.[.[/].[dispatcherServlet]    : Servlet.service() for servlet [dispatcherServlet] in context with path [] threw exception

io.jsonwebtoken.MalformedJwtException: Compact JWT strings may not contain whitespace.
	at io.jsonwebtoken.impl.JwtTokenizer.tokenize(JwtTokenizer.java:67) ~[jjwt-impl-0.12.6.jar:0.12.6]
	at io.jsonwebtoken.impl.DefaultJwtParser.parse(DefaultJwtParser.java:372) ~[jjwt-impl-0.12.6.jar:0.12.6]
	at io.jsonwebtoken.impl.DefaultJwtParser.parse(DefaultJwtParser.java:364) ~[jjwt-impl-0.12.6.jar:0.12.6]
	at io.jsonwebtoken.impl.DefaultJwtParser.parse(DefaultJwtParser.java:94) ~[jjwt-impl-0.12.6.jar:0.12.6]
	at io.jsonwebtoken.impl.io.AbstractParser.parse(AbstractParser.java:36) ~[jjwt-impl-0.12.6.jar:0.12.6]
	at io.jsonwebtoken.impl.io.AbstractParser.parse(AbstractParser.java:29) ~[jjwt-impl-0.12.6.jar:0.12.6]
	at io.jsonwebtoken.impl.DefaultJwtParser.parseSignedClaims(DefaultJwtParser.java:830) ~[jjwt-impl-0.12.6.jar:0.12.6]
	at com.example.flipkart.Utilities.JwtUtil.extractAllClaims(JwtUtil.java:92) ~[classes/:na]
	at com.example.flipkart.Utilities.JwtUtil.extractUsername(JwtUtil.java:80) ~[classes/:na]
	at com.example.flipkart.Security.JwtRequestFilter.doFilterInternal(JwtRequestFilter.java:35) ~[classes/:na]
	at org.springframework.web.filter.OncePerRequestFilter.doFilter(OncePerRequestFilter.java:116) ~[spring-web-6.2.7.jar:6.2.7]
	at org.springframework.security.web.ObservationFilterChainDecorator$ObservationFilter.wrapFilter(ObservationFilterChainDecorator.java:240) ~[spring-security-web-6.5.0.jar:6.5.0]
	at org.springframework.security.web.ObservationFilterChainDecorator$ObservationFilter.doFilter(ObservationFilterChainDecorator.java:227) ~[spring-security-web-6.5.0.jar:6.5.0]
	at org.springframework.security.web.ObservationFilterChainDecorator$VirtualFilterChain.doFilter(ObservationFilterChainDecorator.java:137) ~[spring-security-web-6.5.0.jar:6.5.0]
	at org.springframework.security.web.authentication.logout.LogoutFilter.doFilter(LogoutFilter.java:107) ~[spring-security-web-6.5.0.jar:6.5.0]
	at org.springframework.security.web.authentication.logout.LogoutFilter.doFilter(LogoutFilter.java:93) ~[spring-security-web-6.5.0.jar:6.5.0]
	at org.springframework.security.web.ObservationFilterChainDecorator$ObservationFilter.wrapFilter(ObservationFilterChainDecorator.java:240) ~[spring-security-web-6.5.0.jar:6.5.0]
	at org.springframework.security.web.ObservationFilterChainDecorator$ObservationFilter.doFilter(ObservationFilterChainDecorator.java:227) ~[spring-security-web-6.5.0.jar:6.5.0]
	at org.springframework.security.web.ObservationFilterChainDecorator$VirtualFilterChain.doFilter(ObservationFilterChainDecorator.java:137) ~[spring-security-web-6.5.0.jar:6.5.0]
	at org.springframework.security.web.header.HeaderWriterFilter.doHeadersAfter(HeaderWriterFilter.java:90) ~[spring-security-web-6.5.0.jar:6.5.0]
	at org.springframework.security.web.header.HeaderWriterFilter.doFilterInternal(HeaderWriterFilter.java:75) ~[spring-security-web-6.5.0.jar:6.5.0]
	at org.springframework.web.filter.OncePerRequestFilter.doFilter(OncePerRequestFilter.java:116) ~[spring-web-6.2.7.jar:6.2.7]
	at org.springframework.security.web.ObservationFilterChainDecorator$ObservationFilter.wrapFilter(ObservationFilterChainDecorator.java:240) ~[spring-security-web-6.5.0.jar:6.5.0]
	at org.springframework.security.web.ObservationFilterChainDecorator$ObservationFilter.doFilter(ObservationFilterChainDecorator.java:227) ~[spring-security-web-6.5.0.jar:6.5.0]
	at org.springframework.security.web.ObservationFilterChainDecorator$VirtualFilterChain.doFilter(ObservationFilterChainDecorator.java:137) ~[spring-security-web-6.5.0.jar:6.5.0]
	at org.springframework.security.web.context.SecurityContextHolderFilter.doFilter(SecurityContextHolderFilter.java:82) ~[spring-security-web-6.5.0.jar:6.5.0]
	at org.springframework.security.web.context.SecurityContextHolderFilter.doFilter(SecurityContextHolderFilter.java:69) ~[spring-security-web-6.5.0.jar:6.5.0]
	at org.springframework.security.web.ObservationFilterChainDecorator$ObservationFilter.wrapFilter(ObservationFilterChainDecorator.java:240) ~[spring-security-web-6.5.0.jar:6.5.0]
	at org.springframework.security.web.ObservationFilterChainDecorator$ObservationFilter.doFilter(ObservationFilterChainDecorator.java:227) ~[spring-security-web-6.5.0.jar:6.5.0]
	at org.springframework.security.web.ObservationFilterChainDecorator$VirtualFilterChain.doFilter(ObservationFilterChainDecorator.java:137) ~[spring-security-web-6.5.0.jar:6.5.0]
	at org.springframework.security.web.context.request.async.WebAsyncManagerIntegrationFilter.doFilterInternal(WebAsyncManagerIntegrationFilter.java:62) ~[spring-security-web-6.5.0.jar:6.5.0]
	at org.springframework.web.filter.OncePerRequestFilter.doFilter(OncePerRequestFilter.java:116) ~[spring-web-6.2.7.jar:6.2.7]
	at org.springframework.security.web.ObservationFilterChainDecorator$ObservationFilter.wrapFilter(ObservationFilterChainDecorator.java:240) ~[spring-security-web-6.5.0.jar:6.5.0]
	at org.springframework.security.web.ObservationFilterChainDecorator$ObservationFilter.doFilter(ObservationFilterChainDecorator.java:227) ~[spring-security-web-6.5.0.jar:6.5.0]
	at org.springframework.security.web.ObservationFilterChainDecorator$VirtualFilterChain.doFilter(ObservationFilterChainDecorator.java:137) ~[spring-security-web-6.5.0.jar:6.5.0]
	at org.springframework.security.web.session.DisableEncodeUrlFilter.doFilterInternal(DisableEncodeUrlFilter.java:42) ~[spring-security-web-6.5.0.jar:6.5.0]
	at org.springframework.web.filter.OncePerRequestFilter.doFilter(OncePerRequestFilter.java:116) ~[spring-web-6.2.7.jar:6.2.7]
	at org.springframework.security.web.ObservationFilterChainDecorator$ObservationFilter.wrapFilter(ObservationFilterChainDecorator.java:240) ~[spring-security-web-6.5.0.jar:6.5.0]
	at org.springframework.security.web.ObservationFilterChainDecorator$AroundFilterObservation$SimpleAroundFilterObservation.lambda$wrap$0(ObservationFilterChainDecorator.java:323) ~[spring-security-web-6.5.0.jar:6.5.0]
	at org.springframework.security.web.ObservationFilterChainDecorator$ObservationFilter.doFilter(ObservationFilterChainDecorator.java:224) ~[spring-security-web-6.5.0.jar:6.5.0]
	at org.springframework.security.web.ObservationFilterChainDecorator$VirtualFilterChain.doFilter(ObservationFilterChainDecorator.java:137) ~[spring-security-web-6.5.0.jar:6.5.0]
	at org.springframework.security.web.FilterChainProxy.doFilterInternal(FilterChainProxy.java:233) ~[spring-security-web-6.5.0.jar:6.5.0]
	at org.springframework.security.web.FilterChainProxy.doFilter(FilterChainProxy.java:191) ~[spring-security-web-6.5.0.jar:6.5.0]
	at org.springframework.web.filter.CompositeFilter$VirtualFilterChain.doFilter(CompositeFilter.java:113) ~[spring-web-6.2.7.jar:6.2.7]
	at org.springframework.web.filter.ServletRequestPathFilter.doFilter(ServletRequestPathFilter.java:52) ~[spring-web-6.2.7.jar:6.2.7]
	at org.springframework.web.filter.CompositeFilter$VirtualFilterChain.doFilter(CompositeFilter.java:113) ~[spring-web-6.2.7.jar:6.2.7]
	at org.springframework.web.filter.CompositeFilter.doFilter(CompositeFilter.java:74) ~[spring-web-6.2.7.jar:6.2.7]
	at org.springframework.security.config.annotation.web.configuration.WebSecurityConfiguration$CompositeFilterChainProxy.doFilter(WebSecurityConfiguration.java:319) ~[spring-security-config-6.5.0.jar:6.5.0]
	at org.springframework.web.filter.CompositeFilter$VirtualFilterChain.doFilter(CompositeFilter.java:113) ~[spring-web-6.2.7.jar:6.2.7]
	at org.springframework.web.servlet.handler.HandlerMappingIntrospector.lambda$createCacheFilter$3(HandlerMappingIntrospector.java:243) ~[spring-webmvc-6.2.7.jar:6.2.7]
	at org.springframework.web.filter.CompositeFilter$VirtualFilterChain.doFilter(CompositeFilter.java:113) ~[spring-web-6.2.7.jar:6.2.7]
	at org.springframework.web.filter.CompositeFilter.doFilter(CompositeFilter.java:74) ~[spring-web-6.2.7.jar:6.2.7]
	at org.springframework.security.config.annotation.web.configuration.WebMvcSecurityConfiguration$CompositeFilterChainProxy.doFilter(WebMvcSecurityConfiguration.java:240) ~[spring-security-config-6.5.0.jar:6.5.0]
	at org.springframework.web.filter.DelegatingFilterProxy.invokeDelegate(DelegatingFilterProxy.java:362) ~[spring-web-6.2.7.jar:6.2.7]
	at org.springframework.web.filter.DelegatingFilterProxy.doFilter(DelegatingFilterProxy.java:278) ~[spring-web-6.2.7.jar:6.2.7]
	at org.apache.catalina.core.ApplicationFilterChain.internalDoFilter(ApplicationFilterChain.java:164) ~[tomcat-embed-core-10.1.41.jar:10.1.41]
	at org.apache.catalina.core.ApplicationFilterChain.doFilter(ApplicationFilterChain.java:140) ~[tomcat-embed-core-10.1.41.jar:10.1.41]
	at org.springframework.web.filter.RequestContextFilter.doFilterInternal(RequestContextFilter.java:100) ~[spring-web-6.2.7.jar:6.2.7]
	at org.springframework.web.filter.OncePerRequestFilter.doFilter(OncePerRequestFilter.java:116) ~[spring-web-6.2.7.jar:6.2.7]
	at org.apache.catalina.core.ApplicationFilterChain.internalDoFilter(ApplicationFilterChain.java:164) ~[tomcat-embed-core-10.1.41.jar:10.1.41]
	at org.apache.catalina.core.ApplicationFilterChain.doFilter(ApplicationFilterChain.java:140) ~[tomcat-embed-core-10.1.41.jar:10.1.41]
	at org.springframework.web.filter.FormContentFilter.doFilterInternal(FormContentFilter.java:93) ~[spring-web-6.2.7.jar:6.2.7]
	at org.springframework.web.filter.OncePerRequestFilter.doFilter(OncePerRequestFilter.java:116) ~[spring-web-6.2.7.jar:6.2.7]
	at org.apache.catalina.core.ApplicationFilterChain.internalDoFilter(ApplicationFilterChain.java:164) ~[tomcat-embed-core-10.1.41.jar:10.1.41]
	at org.apache.catalina.core.ApplicationFilterChain.doFilter(ApplicationFilterChain.java:140) ~[tomcat-embed-core-10.1.41.jar:10.1.41]
	at org.springframework.web.filter.ServerHttpObservationFilter.doFilterInternal(ServerHttpObservationFilter.java:114) ~[spring-web-6.2.7.jar:6.2.7]
	at org.springframework.web.filter.OncePerRequestFilter.doFilter(OncePerRequestFilter.java:116) ~[spring-web-6.2.7.jar:6.2.7]
	at org.apache.catalina.core.ApplicationFilterChain.internalDoFilter(ApplicationFilterChain.java:164) ~[tomcat-embed-core-10.1.41.jar:10.1.41]
	at org.apache.catalina.core.ApplicationFilterChain.doFilter(ApplicationFilterChain.java:140) ~[tomcat-embed-core-10.1.41.jar:10.1.41]
	at org.springframework.web.filter.CharacterEncodingFilter.doFilterInternal(CharacterEncodingFilter.java:201) ~[spring-web-6.2.7.jar:6.2.7]
	at org.springframework.web.filter.OncePerRequestFilter.doFilter(OncePerRequestFilter.java:116) ~[spring-web-6.2.7.jar:6.2.7]
	at org.apache.catalina.core.ApplicationFilterChain.internalDoFilter(ApplicationFilterChain.java:164) ~[tomcat-embed-core-10.1.41.jar:10.1.41]
	at org.apache.catalina.core.ApplicationFilterChain.doFilter(ApplicationFilterChain.java:140) ~[tomcat-embed-core-10.1.41.jar:10.1.41]
	at org.apache.catalina.core.StandardWrapperValve.invoke(StandardWrapperValve.java:167) ~[tomcat-embed-core-10.1.41.jar:10.1.41]
	at org.apache.catalina.core.StandardContextValve.invoke(StandardContextValve.java:90) ~[tomcat-embed-core-10.1.41.jar:10.1.41]
	at org.apache.catalina.authenticator.AuthenticatorBase.invoke(AuthenticatorBase.java:483) ~[tomcat-embed-core-10.1.41.jar:10.1.41]
	at org.apache.catalina.core.StandardHostValve.invoke(StandardHostValve.java:116) ~[tomcat-embed-core-10.1.41.jar:10.1.41]
	at org.apache.catalina.valves.ErrorReportValve.invoke(ErrorReportValve.java:93) ~[tomcat-embed-core-10.1.41.jar:10.1.41]
	at org.apache.catalina.core.StandardEngineValve.invoke(StandardEngineValve.java:74) ~[tomcat-embed-core-10.1.41.jar:10.1.41]
	at org.apache.catalina.connector.CoyoteAdapter.service(CoyoteAdapter.java:344) ~[tomcat-embed-core-10.1.41.jar:10.1.41]
	at org.apache.coyote.http11.Http11Processor.service(Http11Processor.java:398) ~[tomcat-embed-core-10.1.41.jar:10.1.41]
	at org.apache.coyote.AbstractProcessorLight.process(AbstractProcessorLight.java:63) ~[tomcat-embed-core-10.1.41.jar:10.1.41]
	at org.apache.coyote.AbstractProtocol$ConnectionHandler.process(AbstractProtocol.java:903) ~[tomcat-embed-core-10.1.41.jar:10.1.41]
	at org.apache.tomcat.util.net.NioEndpoint$SocketProcessor.doRun(NioEndpoint.java:1740) ~[tomcat-embed-core-10.1.41.jar:10.1.41]
	at org.apache.tomcat.util.net.SocketProcessorBase.run(SocketProcessorBase.java:52) ~[tomcat-embed-core-10.1.41.jar:10.1.41]
	at org.apache.tomcat.util.threads.ThreadPoolExecutor.runWorker(ThreadPoolExecutor.java:1189) ~[tomcat-embed-core-10.1.41.jar:10.1.41]
	at org.apache.tomcat.util.threads.ThreadPoolExecutor$Worker.run(ThreadPoolExecutor.java:658) ~[tomcat-embed-core-10.1.41.jar:10.1.41]
	at org.apache.tomcat.util.threads.TaskThread$WrappingRunnable.run(TaskThread.java:63) ~[tomcat-embed-core-10.1.41.jar:10.1.41]
	at java.base/java.lang.Thread.run(Thread.java:1575) ~[na:na]

2025-06-20T11:51:06.712+05:30 ERROR 7716 --- [flipkart] [http-nio-8080-exec-2] o.a.c.c.C.[.[.[/].[dispatcherServlet]    : Servlet.service() for servlet [dispatcherServlet] in context with path [] threw exception

io.jsonwebtoken.MalformedJwtException: Compact JWT strings may not contain whitespace.
	at io.jsonwebtoken.impl.JwtTokenizer.tokenize(JwtTokenizer.java:67) ~[jjwt-impl-0.12.6.jar:0.12.6]
	at io.jsonwebtoken.impl.DefaultJwtParser.parse(DefaultJwtParser.java:372) ~[jjwt-impl-0.12.6.jar:0.12.6]
	at io.jsonwebtoken.impl.DefaultJwtParser.parse(DefaultJwtParser.java:364) ~[jjwt-impl-0.12.6.jar:0.12.6]
	at io.jsonwebtoken.impl.DefaultJwtParser.parse(DefaultJwtParser.java:94) ~[jjwt-impl-0.12.6.jar:0.12.6]
	at io.jsonwebtoken.impl.io.AbstractParser.parse(AbstractParser.java:36) ~[jjwt-impl-0.12.6.jar:0.12.6]
	at io.jsonwebtoken.impl.io.AbstractParser.parse(AbstractParser.java:29) ~[jjwt-impl-0.12.6.jar:0.12.6]
	at io.jsonwebtoken.impl.DefaultJwtParser.parseSignedClaims(DefaultJwtParser.java:830) ~[jjwt-impl-0.12.6.jar:0.12.6]
	at com.example.flipkart.Utilities.JwtUtil.extractAllClaims(JwtUtil.java:92) ~[classes/:na]
	at com.example.flipkart.Utilities.JwtUtil.extractUsername(JwtUtil.java:80) ~[classes/:na]
	at com.example.flipkart.Security.JwtRequestFilter.doFilterInternal(JwtRequestFilter.java:35) ~[classes/:na]
	at org.springframework.web.filter.OncePerRequestFilter.doFilter(OncePerRequestFilter.java:116) ~[spring-web-6.2.7.jar:6.2.7]
	at org.springframework.security.web.ObservationFilterChainDecorator$ObservationFilter.wrapFilter(ObservationFilterChainDecorator.java:240) ~[spring-security-web-6.5.0.jar:6.5.0]
	at org.springframework.security.web.ObservationFilterChainDecorator$ObservationFilter.doFilter(ObservationFilterChainDecorator.java:227) ~[spring-security-web-6.5.0.jar:6.5.0]
	at org.springframework.security.web.ObservationFilterChainDecorator$VirtualFilterChain.doFilter(ObservationFilterChainDecorator.java:137) ~[spring-security-web-6.5.0.jar:6.5.0]
	at org.springframework.security.web.authentication.logout.LogoutFilter.doFilter(LogoutFilter.java:107) ~[spring-security-web-6.5.0.jar:6.5.0]
	at org.springframework.security.web.authentication.logout.LogoutFilter.doFilter(LogoutFilter.java:93) ~[spring-security-web-6.5.0.jar:6.5.0]
	at org.springframework.security.web.ObservationFilterChainDecorator$ObservationFilter.wrapFilter(ObservationFilterChainDecorator.java:240) ~[spring-security-web-6.5.0.jar:6.5.0]
	at org.springframework.security.web.ObservationFilterChainDecorator$ObservationFilter.doFilter(ObservationFilterChainDecorator.java:227) ~[spring-security-web-6.5.0.jar:6.5.0]
	at org.springframework.security.web.ObservationFilterChainDecorator$VirtualFilterChain.doFilter(ObservationFilterChainDecorator.java:137) ~[spring-security-web-6.5.0.jar:6.5.0]
	at org.springframework.security.web.header.HeaderWriterFilter.doHeadersAfter(HeaderWriterFilter.java:90) ~[spring-security-web-6.5.0.jar:6.5.0]
	at org.springframework.security.web.header.HeaderWriterFilter.doFilterInternal(HeaderWriterFilter.java:75) ~[spring-security-web-6.5.0.jar:6.5.0]
	at org.springframework.web.filter.OncePerRequestFilter.doFilter(OncePerRequestFilter.java:116) ~[spring-web-6.2.7.jar:6.2.7]
	at org.springframework.security.web.ObservationFilterChainDecorator$ObservationFilter.wrapFilter(ObservationFilterChainDecorator.java:240) ~[spring-security-web-6.5.0.jar:6.5.0]
	at org.springframework.security.web.ObservationFilterChainDecorator$ObservationFilter.doFilter(ObservationFilterChainDecorator.java:227) ~[spring-security-web-6.5.0.jar:6.5.0]
	at org.springframework.security.web.ObservationFilterChainDecorator$VirtualFilterChain.doFilter(ObservationFilterChainDecorator.java:137) ~[spring-security-web-6.5.0.jar:6.5.0]
	at org.springframework.security.web.context.SecurityContextHolderFilter.doFilter(SecurityContextHolderFilter.java:82) ~[spring-security-web-6.5.0.jar:6.5.0]
	at org.springframework.security.web.context.SecurityContextHolderFilter.doFilter(SecurityContextHolderFilter.java:69) ~[spring-security-web-6.5.0.jar:6.5.0]
	at org.springframework.security.web.ObservationFilterChainDecorator$ObservationFilter.wrapFilter(ObservationFilterChainDecorator.java:240) ~[spring-security-web-6.5.0.jar:6.5.0]
	at org.springframework.security.web.ObservationFilterChainDecorator$ObservationFilter.doFilter(ObservationFilterChainDecorator.java:227) ~[spring-security-web-6.5.0.jar:6.5.0]
	at org.springframework.security.web.ObservationFilterChainDecorator$VirtualFilterChain.doFilter(ObservationFilterChainDecorator.java:137) ~[spring-security-web-6.5.0.jar:6.5.0]
	at org.springframework.security.web.context.request.async.WebAsyncManagerIntegrationFilter.doFilterInternal(WebAsyncManagerIntegrationFilter.java:62) ~[spring-security-web-6.5.0.jar:6.5.0]
	at org.springframework.web.filter.OncePerRequestFilter.doFilter(OncePerRequestFilter.java:116) ~[spring-web-6.2.7.jar:6.2.7]
	at org.springframework.security.web.ObservationFilterChainDecorator$ObservationFilter.wrapFilter(ObservationFilterChainDecorator.java:240) ~[spring-security-web-6.5.0.jar:6.5.0]
	at org.springframework.security.web.ObservationFilterChainDecorator$ObservationFilter.doFilter(ObservationFilterChainDecorator.java:227) ~[spring-security-web-6.5.0.jar:6.5.0]
	at org.springframework.security.web.ObservationFilterChainDecorator$VirtualFilterChain.doFilter(ObservationFilterChainDecorator.java:137) ~[spring-security-web-6.5.0.jar:6.5.0]
	at org.springframework.security.web.session.DisableEncodeUrlFilter.doFilterInternal(DisableEncodeUrlFilter.java:42) ~[spring-security-web-6.5.0.jar:6.5.0]
	at org.springframework.web.filter.OncePerRequestFilter.doFilter(OncePerRequestFilter.java:116) ~[spring-web-6.2.7.jar:6.2.7]
	at org.springframework.security.web.ObservationFilterChainDecorator$ObservationFilter.wrapFilter(ObservationFilterChainDecorator.java:240) ~[spring-security-web-6.5.0.jar:6.5.0]
	at org.springframework.security.web.ObservationFilterChainDecorator$AroundFilterObservation$SimpleAroundFilterObservation.lambda$wrap$0(ObservationFilterChainDecorator.java:323) ~[spring-security-web-6.5.0.jar:6.5.0]
	at org.springframework.security.web.ObservationFilterChainDecorator$ObservationFilter.doFilter(ObservationFilterChainDecorator.java:224) ~[spring-security-web-6.5.0.jar:6.5.0]
	at org.springframework.security.web.ObservationFilterChainDecorator$VirtualFilterChain.doFilter(ObservationFilterChainDecorator.java:137) ~[spring-security-web-6.5.0.jar:6.5.0]
	at org.springframework.security.web.FilterChainProxy.doFilterInternal(FilterChainProxy.java:233) ~[spring-security-web-6.5.0.jar:6.5.0]
	at org.springframework.security.web.FilterChainProxy.doFilter(FilterChainProxy.java:191) ~[spring-security-web-6.5.0.jar:6.5.0]
	at org.springframework.web.filter.CompositeFilter$VirtualFilterChain.doFilter(CompositeFilter.java:113) ~[spring-web-6.2.7.jar:6.2.7]
	at org.springframework.web.filter.ServletRequestPathFilter.doFilter(ServletRequestPathFilter.java:52) ~[spring-web-6.2.7.jar:6.2.7]
	at org.springframework.web.filter.CompositeFilter$VirtualFilterChain.doFilter(CompositeFilter.java:113) ~[spring-web-6.2.7.jar:6.2.7]
	at org.springframework.web.filter.CompositeFilter.doFilter(CompositeFilter.java:74) ~[spring-web-6.2.7.jar:6.2.7]
	at org.springframework.security.config.annotation.web.configuration.WebSecurityConfiguration$CompositeFilterChainProxy.doFilter(WebSecurityConfiguration.java:319) ~[spring-security-config-6.5.0.jar:6.5.0]
	at org.springframework.web.filter.CompositeFilter$VirtualFilterChain.doFilter(CompositeFilter.java:113) ~[spring-web-6.2.7.jar:6.2.7]
	at org.springframework.web.servlet.handler.HandlerMappingIntrospector.lambda$createCacheFilter$3(HandlerMappingIntrospector.java:243) ~[spring-webmvc-6.2.7.jar:6.2.7]
	at org.springframework.web.filter.CompositeFilter$VirtualFilterChain.doFilter(CompositeFilter.java:113) ~[spring-web-6.2.7.jar:6.2.7]
	at org.springframework.web.filter.CompositeFilter.doFilter(CompositeFilter.java:74) ~[spring-web-6.2.7.jar:6.2.7]
	at org.springframework.security.config.annotation.web.configuration.WebMvcSecurityConfiguration$CompositeFilterChainProxy.doFilter(WebMvcSecurityConfiguration.java:240) ~[spring-security-config-6.5.0.jar:6.5.0]
	at org.springframework.web.filter.DelegatingFilterProxy.invokeDelegate(DelegatingFilterProxy.java:362) ~[spring-web-6.2.7.jar:6.2.7]
	at org.springframework.web.filter.DelegatingFilterProxy.doFilter(DelegatingFilterProxy.java:278) ~[spring-web-6.2.7.jar:6.2.7]
	at org.apache.catalina.core.ApplicationFilterChain.internalDoFilter(ApplicationFilterChain.java:164) ~[tomcat-embed-core-10.1.41.jar:10.1.41]
	at org.apache.catalina.core.ApplicationFilterChain.doFilter(ApplicationFilterChain.java:140) ~[tomcat-embed-core-10.1.41.jar:10.1.41]
	at org.springframework.web.filter.RequestContextFilter.doFilterInternal(RequestContextFilter.java:100) ~[spring-web-6.2.7.jar:6.2.7]
	at org.springframework.web.filter.OncePerRequestFilter.doFilter(OncePerRequestFilter.java:116) ~[spring-web-6.2.7.jar:6.2.7]
	at org.apache.catalina.core.ApplicationFilterChain.internalDoFilter(ApplicationFilterChain.java:164) ~[tomcat-embed-core-10.1.41.jar:10.1.41]
	at org.apache.catalina.core.ApplicationFilterChain.doFilter(ApplicationFilterChain.java:140) ~[tomcat-embed-core-10.1.41.jar:10.1.41]
	at org.springframework.web.filter.FormContentFilter.doFilterInternal(FormContentFilter.java:93) ~[spring-web-6.2.7.jar:6.2.7]
	at org.springframework.web.filter.OncePerRequestFilter.doFilter(OncePerRequestFilter.java:116) ~[spring-web-6.2.7.jar:6.2.7]
	at org.apache.catalina.core.ApplicationFilterChain.internalDoFilter(ApplicationFilterChain.java:164) ~[tomcat-embed-core-10.1.41.jar:10.1.41]
	at org.apache.catalina.core.ApplicationFilterChain.doFilter(ApplicationFilterChain.java:140) ~[tomcat-embed-core-10.1.41.jar:10.1.41]
	at org.springframework.web.filter.ServerHttpObservationFilter.doFilterInternal(ServerHttpObservationFilter.java:114) ~[spring-web-6.2.7.jar:6.2.7]
	at org.springframework.web.filter.OncePerRequestFilter.doFilter(OncePerRequestFilter.java:116) ~[spring-web-6.2.7.jar:6.2.7]
	at org.apache.catalina.core.ApplicationFilterChain.internalDoFilter(ApplicationFilterChain.java:164) ~[tomcat-embed-core-10.1.41.jar:10.1.41]
	at org.apache.catalina.core.ApplicationFilterChain.doFilter(ApplicationFilterChain.java:140) ~[tomcat-embed-core-10.1.41.jar:10.1.41]
	at org.springframework.web.filter.CharacterEncodingFilter.doFilterInternal(CharacterEncodingFilter.java:201) ~[spring-web-6.2.7.jar:6.2.7]
	at org.springframework.web.filter.OncePerRequestFilter.doFilter(OncePerRequestFilter.java:116) ~[spring-web-6.2.7.jar:6.2.7]
	at org.apache.catalina.core.ApplicationFilterChain.internalDoFilter(ApplicationFilterChain.java:164) ~[tomcat-embed-core-10.1.41.jar:10.1.41]
	at org.apache.catalina.core.ApplicationFilterChain.doFilter(ApplicationFilterChain.java:140) ~[tomcat-embed-core-10.1.41.jar:10.1.41]
	at org.apache.catalina.core.StandardWrapperValve.invoke(StandardWrapperValve.java:167) ~[tomcat-embed-core-10.1.41.jar:10.1.41]
	at org.apache.catalina.core.StandardContextValve.invoke(StandardContextValve.java:90) ~[tomcat-embed-core-10.1.41.jar:10.1.41]
	at org.apache.catalina.authenticator.AuthenticatorBase.invoke(AuthenticatorBase.java:483) ~[tomcat-embed-core-10.1.41.jar:10.1.41]
	at org.apache.catalina.core.StandardHostValve.invoke(StandardHostValve.java:116) ~[tomcat-embed-core-10.1.41.jar:10.1.41]
	at org.apache.catalina.valves.ErrorReportValve.invoke(ErrorReportValve.java:93) ~[tomcat-embed-core-10.1.41.jar:10.1.41]
	at org.apache.catalina.core.StandardEngineValve.invoke(StandardEngineValve.java:74) ~[tomcat-embed-core-10.1.41.jar:10.1.41]
	at org.apache.catalina.connector.CoyoteAdapter.service(CoyoteAdapter.java:344) ~[tomcat-embed-core-10.1.41.jar:10.1.41]
	at org.apache.coyote.http11.Http11Processor.service(Http11Processor.java:398) ~[tomcat-embed-core-10.1.41.jar:10.1.41]
	at org.apache.coyote.AbstractProcessorLight.process(AbstractProcessorLight.java:63) ~[tomcat-embed-core-10.1.41.jar:10.1.41]
	at org.apache.coyote.AbstractProtocol$ConnectionHandler.process(AbstractProtocol.java:903) ~[tomcat-embed-core-10.1.41.jar:10.1.41]
	at org.apache.tomcat.util.net.NioEndpoint$SocketProcessor.doRun(NioEndpoint.java:1740) ~[tomcat-embed-core-10.1.41.jar:10.1.41]
	at org.apache.tomcat.util.net.SocketProcessorBase.run(SocketProcessorBase.java:52) ~[tomcat-embed-core-10.1.41.jar:10.1.41]
	at org.apache.tomcat.util.threads.ThreadPoolExecutor.runWorker(ThreadPoolExecutor.java:1189) ~[tomcat-embed-core-10.1.41.jar:10.1.41]
	at org.apache.tomcat.util.threads.ThreadPoolExecutor$Worker.run(ThreadPoolExecutor.java:658) ~[tomcat-embed-core-10.1.41.jar:10.1.41]
	at org.apache.tomcat.util.threads.TaskThread$WrappingRunnable.run(TaskThread.java:63) ~[tomcat-embed-core-10.1.41.jar:10.1.41]
	at java.base/java.lang.Thread.run(Thread.java:1575) ~[na:na]

2025-06-20T11:51:45.710+05:30 ERROR 7716 --- [flipkart] [http-nio-8080-exec-4] o.a.c.c.C.[.[.[/].[dispatcherServlet]    : Servlet.service() for servlet [dispatcherServlet] in context with path [] threw exception

io.jsonwebtoken.MalformedJwtException: Compact JWT strings may not contain whitespace.
	at io.jsonwebtoken.impl.JwtTokenizer.tokenize(JwtTokenizer.java:67) ~[jjwt-impl-0.12.6.jar:0.12.6]
	at io.jsonwebtoken.impl.DefaultJwtParser.parse(DefaultJwtParser.java:372) ~[jjwt-impl-0.12.6.jar:0.12.6]
	at io.jsonwebtoken.impl.DefaultJwtParser.parse(DefaultJwtParser.java:364) ~[jjwt-impl-0.12.6.jar:0.12.6]
	at io.jsonwebtoken.impl.DefaultJwtParser.parse(DefaultJwtParser.java:94) ~[jjwt-impl-0.12.6.jar:0.12.6]
	at io.jsonwebtoken.impl.io.AbstractParser.parse(AbstractParser.java:36) ~[jjwt-impl-0.12.6.jar:0.12.6]
	at io.jsonwebtoken.impl.io.AbstractParser.parse(AbstractParser.java:29) ~[jjwt-impl-0.12.6.jar:0.12.6]
	at io.jsonwebtoken.impl.DefaultJwtParser.parseSignedClaims(DefaultJwtParser.java:830) ~[jjwt-impl-0.12.6.jar:0.12.6]
	at com.example.flipkart.Utilities.JwtUtil.extractAllClaims(JwtUtil.java:92) ~[classes/:na]
	at com.example.flipkart.Utilities.JwtUtil.extractUsername(JwtUtil.java:80) ~[classes/:na]
	at com.example.flipkart.Security.JwtRequestFilter.doFilterInternal(JwtRequestFilter.java:35) ~[classes/:na]
	at org.springframework.web.filter.OncePerRequestFilter.doFilter(OncePerRequestFilter.java:116) ~[spring-web-6.2.7.jar:6.2.7]
	at org.springframework.security.web.ObservationFilterChainDecorator$ObservationFilter.wrapFilter(ObservationFilterChainDecorator.java:240) ~[spring-security-web-6.5.0.jar:6.5.0]
	at org.springframework.security.web.ObservationFilterChainDecorator$ObservationFilter.doFilter(ObservationFilterChainDecorator.java:227) ~[spring-security-web-6.5.0.jar:6.5.0]
	at org.springframework.security.web.ObservationFilterChainDecorator$VirtualFilterChain.doFilter(ObservationFilterChainDecorator.java:137) ~[spring-security-web-6.5.0.jar:6.5.0]
	at org.springframework.security.web.authentication.logout.LogoutFilter.doFilter(LogoutFilter.java:107) ~[spring-security-web-6.5.0.jar:6.5.0]
	at org.springframework.security.web.authentication.logout.LogoutFilter.doFilter(LogoutFilter.java:93) ~[spring-security-web-6.5.0.jar:6.5.0]
	at org.springframework.security.web.ObservationFilterChainDecorator$ObservationFilter.wrapFilter(ObservationFilterChainDecorator.java:240) ~[spring-security-web-6.5.0.jar:6.5.0]
	at org.springframework.security.web.ObservationFilterChainDecorator$ObservationFilter.doFilter(ObservationFilterChainDecorator.java:227) ~[spring-security-web-6.5.0.jar:6.5.0]
	at org.springframework.security.web.ObservationFilterChainDecorator$VirtualFilterChain.doFilter(ObservationFilterChainDecorator.java:137) ~[spring-security-web-6.5.0.jar:6.5.0]
	at org.springframework.security.web.header.HeaderWriterFilter.doHeadersAfter(HeaderWriterFilter.java:90) ~[spring-security-web-6.5.0.jar:6.5.0]
	at org.springframework.security.web.header.HeaderWriterFilter.doFilterInternal(HeaderWriterFilter.java:75) ~[spring-security-web-6.5.0.jar:6.5.0]
	at org.springframework.web.filter.OncePerRequestFilter.doFilter(OncePerRequestFilter.java:116) ~[spring-web-6.2.7.jar:6.2.7]
	at org.springframework.security.web.ObservationFilterChainDecorator$ObservationFilter.wrapFilter(ObservationFilterChainDecorator.java:240) ~[spring-security-web-6.5.0.jar:6.5.0]
	at org.springframework.security.web.ObservationFilterChainDecorator$ObservationFilter.doFilter(ObservationFilterChainDecorator.java:227) ~[spring-security-web-6.5.0.jar:6.5.0]
	at org.springframework.security.web.ObservationFilterChainDecorator$VirtualFilterChain.doFilter(ObservationFilterChainDecorator.java:137) ~[spring-security-web-6.5.0.jar:6.5.0]
	at org.springframework.security.web.context.SecurityContextHolderFilter.doFilter(SecurityContextHolderFilter.java:82) ~[spring-security-web-6.5.0.jar:6.5.0]
	at org.springframework.security.web.context.SecurityContextHolderFilter.doFilter(SecurityContextHolderFilter.java:69) ~[spring-security-web-6.5.0.jar:6.5.0]
	at org.springframework.security.web.ObservationFilterChainDecorator$ObservationFilter.wrapFilter(ObservationFilterChainDecorator.java:240) ~[spring-security-web-6.5.0.jar:6.5.0]
	at org.springframework.security.web.ObservationFilterChainDecorator$ObservationFilter.doFilter(ObservationFilterChainDecorator.java:227) ~[spring-security-web-6.5.0.jar:6.5.0]
	at org.springframework.security.web.ObservationFilterChainDecorator$VirtualFilterChain.doFilter(ObservationFilterChainDecorator.java:137) ~[spring-security-web-6.5.0.jar:6.5.0]
	at org.springframework.security.web.context.request.async.WebAsyncManagerIntegrationFilter.doFilterInternal(WebAsyncManagerIntegrationFilter.java:62) ~[spring-security-web-6.5.0.jar:6.5.0]
	at org.springframework.web.filter.OncePerRequestFilter.doFilter(OncePerRequestFilter.java:116) ~[spring-web-6.2.7.jar:6.2.7]
	at org.springframework.security.web.ObservationFilterChainDecorator$ObservationFilter.wrapFilter(ObservationFilterChainDecorator.java:240) ~[spring-security-web-6.5.0.jar:6.5.0]
	at org.springframework.security.web.ObservationFilterChainDecorator$ObservationFilter.doFilter(ObservationFilterChainDecorator.java:227) ~[spring-security-web-6.5.0.jar:6.5.0]
	at org.springframework.security.web.ObservationFilterChainDecorator$VirtualFilterChain.doFilter(ObservationFilterChainDecorator.java:137) ~[spring-security-web-6.5.0.jar:6.5.0]
	at org.springframework.security.web.session.DisableEncodeUrlFilter.doFilterInternal(DisableEncodeUrlFilter.java:42) ~[spring-security-web-6.5.0.jar:6.5.0]
	at org.springframework.web.filter.OncePerRequestFilter.doFilter(OncePerRequestFilter.java:116) ~[spring-web-6.2.7.jar:6.2.7]
	at org.springframework.security.web.ObservationFilterChainDecorator$ObservationFilter.wrapFilter(ObservationFilterChainDecorator.java:240) ~[spring-security-web-6.5.0.jar:6.5.0]
	at org.springframework.security.web.ObservationFilterChainDecorator$AroundFilterObservation$SimpleAroundFilterObservation.lambda$wrap$0(ObservationFilterChainDecorator.java:323) ~[spring-security-web-6.5.0.jar:6.5.0]
	at org.springframework.security.web.ObservationFilterChainDecorator$ObservationFilter.doFilter(ObservationFilterChainDecorator.java:224) ~[spring-security-web-6.5.0.jar:6.5.0]
	at org.springframework.security.web.ObservationFilterChainDecorator$VirtualFilterChain.doFilter(ObservationFilterChainDecorator.java:137) ~[spring-security-web-6.5.0.jar:6.5.0]
	at org.springframework.security.web.FilterChainProxy.doFilterInternal(FilterChainProxy.java:233) ~[spring-security-web-6.5.0.jar:6.5.0]
	at org.springframework.security.web.FilterChainProxy.doFilter(FilterChainProxy.java:191) ~[spring-security-web-6.5.0.jar:6.5.0]
	at org.springframework.web.filter.CompositeFilter$VirtualFilterChain.doFilter(CompositeFilter.java:113) ~[spring-web-6.2.7.jar:6.2.7]
	at org.springframework.web.filter.ServletRequestPathFilter.doFilter(ServletRequestPathFilter.java:52) ~[spring-web-6.2.7.jar:6.2.7]
	at org.springframework.web.filter.CompositeFilter$VirtualFilterChain.doFilter(CompositeFilter.java:113) ~[spring-web-6.2.7.jar:6.2.7]
	at org.springframework.web.filter.CompositeFilter.doFilter(CompositeFilter.java:74) ~[spring-web-6.2.7.jar:6.2.7]
	at org.springframework.security.config.annotation.web.configuration.WebSecurityConfiguration$CompositeFilterChainProxy.doFilter(WebSecurityConfiguration.java:319) ~[spring-security-config-6.5.0.jar:6.5.0]
	at org.springframework.web.filter.CompositeFilter$VirtualFilterChain.doFilter(CompositeFilter.java:113) ~[spring-web-6.2.7.jar:6.2.7]
	at org.springframework.web.servlet.handler.HandlerMappingIntrospector.lambda$createCacheFilter$3(HandlerMappingIntrospector.java:243) ~[spring-webmvc-6.2.7.jar:6.2.7]
	at org.springframework.web.filter.CompositeFilter$VirtualFilterChain.doFilter(CompositeFilter.java:113) ~[spring-web-6.2.7.jar:6.2.7]
	at org.springframework.web.filter.CompositeFilter.doFilter(CompositeFilter.java:74) ~[spring-web-6.2.7.jar:6.2.7]
	at org.springframework.security.config.annotation.web.configuration.WebMvcSecurityConfiguration$CompositeFilterChainProxy.doFilter(WebMvcSecurityConfiguration.java:240) ~[spring-security-config-6.5.0.jar:6.5.0]
	at org.springframework.web.filter.DelegatingFilterProxy.invokeDelegate(DelegatingFilterProxy.java:362) ~[spring-web-6.2.7.jar:6.2.7]
	at org.springframework.web.filter.DelegatingFilterProxy.doFilter(DelegatingFilterProxy.java:278) ~[spring-web-6.2.7.jar:6.2.7]
	at org.apache.catalina.core.ApplicationFilterChain.internalDoFilter(ApplicationFilterChain.java:164) ~[tomcat-embed-core-10.1.41.jar:10.1.41]
	at org.apache.catalina.core.ApplicationFilterChain.doFilter(ApplicationFilterChain.java:140) ~[tomcat-embed-core-10.1.41.jar:10.1.41]
	at org.springframework.web.filter.RequestContextFilter.doFilterInternal(RequestContextFilter.java:100) ~[spring-web-6.2.7.jar:6.2.7]
	at org.springframework.web.filter.OncePerRequestFilter.doFilter(OncePerRequestFilter.java:116) ~[spring-web-6.2.7.jar:6.2.7]
	at org.apache.catalina.core.ApplicationFilterChain.internalDoFilter(ApplicationFilterChain.java:164) ~[tomcat-embed-core-10.1.41.jar:10.1.41]
	at org.apache.catalina.core.ApplicationFilterChain.doFilter(ApplicationFilterChain.java:140) ~[tomcat-embed-core-10.1.41.jar:10.1.41]
	at org.springframework.web.filter.FormContentFilter.doFilterInternal(FormContentFilter.java:93) ~[spring-web-6.2.7.jar:6.2.7]
	at org.springframework.web.filter.OncePerRequestFilter.doFilter(OncePerRequestFilter.java:116) ~[spring-web-6.2.7.jar:6.2.7]
	at org.apache.catalina.core.ApplicationFilterChain.internalDoFilter(ApplicationFilterChain.java:164) ~[tomcat-embed-core-10.1.41.jar:10.1.41]
	at org.apache.catalina.core.ApplicationFilterChain.doFilter(ApplicationFilterChain.java:140) ~[tomcat-embed-core-10.1.41.jar:10.1.41]
	at org.springframework.web.filter.ServerHttpObservationFilter.doFilterInternal(ServerHttpObservationFilter.java:114) ~[spring-web-6.2.7.jar:6.2.7]
	at org.springframework.web.filter.OncePerRequestFilter.doFilter(OncePerRequestFilter.java:116) ~[spring-web-6.2.7.jar:6.2.7]
	at org.apache.catalina.core.ApplicationFilterChain.internalDoFilter(ApplicationFilterChain.java:164) ~[tomcat-embed-core-10.1.41.jar:10.1.41]
	at org.apache.catalina.core.ApplicationFilterChain.doFilter(ApplicationFilterChain.java:140) ~[tomcat-embed-core-10.1.41.jar:10.1.41]
	at org.springframework.web.filter.CharacterEncodingFilter.doFilterInternal(CharacterEncodingFilter.java:201) ~[spring-web-6.2.7.jar:6.2.7]
	at org.springframework.web.filter.OncePerRequestFilter.doFilter(OncePerRequestFilter.java:116) ~[spring-web-6.2.7.jar:6.2.7]
	at org.apache.catalina.core.ApplicationFilterChain.internalDoFilter(ApplicationFilterChain.java:164) ~[tomcat-embed-core-10.1.41.jar:10.1.41]
	at org.apache.catalina.core.ApplicationFilterChain.doFilter(ApplicationFilterChain.java:140) ~[tomcat-embed-core-10.1.41.jar:10.1.41]
	at org.apache.catalina.core.StandardWrapperValve.invoke(StandardWrapperValve.java:167) ~[tomcat-embed-core-10.1.41.jar:10.1.41]
	at org.apache.catalina.core.StandardContextValve.invoke(StandardContextValve.java:90) ~[tomcat-embed-core-10.1.41.jar:10.1.41]
	at org.apache.catalina.authenticator.AuthenticatorBase.invoke(AuthenticatorBase.java:483) ~[tomcat-embed-core-10.1.41.jar:10.1.41]
	at org.apache.catalina.core.StandardHostValve.invoke(StandardHostValve.java:116) ~[tomcat-embed-core-10.1.41.jar:10.1.41]
	at org.apache.catalina.valves.ErrorReportValve.invoke(ErrorReportValve.java:93) ~[tomcat-embed-core-10.1.41.jar:10.1.41]
	at org.apache.catalina.core.StandardEngineValve.invoke(StandardEngineValve.java:74) ~[tomcat-embed-core-10.1.41.jar:10.1.41]
	at org.apache.catalina.connector.CoyoteAdapter.service(CoyoteAdapter.java:344) ~[tomcat-embed-core-10.1.41.jar:10.1.41]
	at org.apache.coyote.http11.Http11Processor.service(Http11Processor.java:398) ~[tomcat-embed-core-10.1.41.jar:10.1.41]
	at org.apache.coyote.AbstractProcessorLight.process(AbstractProcessorLight.java:63) ~[tomcat-embed-core-10.1.41.jar:10.1.41]
	at org.apache.coyote.AbstractProtocol$ConnectionHandler.process(AbstractProtocol.java:903) ~[tomcat-embed-core-10.1.41.jar:10.1.41]
	at org.apache.tomcat.util.net.NioEndpoint$SocketProcessor.doRun(NioEndpoint.java:1740) ~[tomcat-embed-core-10.1.41.jar:10.1.41]
	at org.apache.tomcat.util.net.SocketProcessorBase.run(SocketProcessorBase.java:52) ~[tomcat-embed-core-10.1.41.jar:10.1.41]
	at org.apache.tomcat.util.threads.ThreadPoolExecutor.runWorker(ThreadPoolExecutor.java:1189) ~[tomcat-embed-core-10.1.41.jar:10.1.41]
	at org.apache.tomcat.util.threads.ThreadPoolExecutor$Worker.run(ThreadPoolExecutor.java:658) ~[tomcat-embed-core-10.1.41.jar:10.1.41]
	at org.apache.tomcat.util.threads.TaskThread$WrappingRunnable.run(TaskThread.java:63) ~[tomcat-embed-core-10.1.41.jar:10.1.41]
	at java.base/java.lang.Thread.run(Thread.java:1575) ~[na:na]

2025-06-20T11:51:54.974+05:30 ERROR 7716 --- [flipkart] [http-nio-8080-exec-5] o.a.c.c.C.[.[.[/].[dispatcherServlet]    : Servlet.service() for servlet [dispatcherServlet] in context with path [] threw exception

io.jsonwebtoken.MalformedJwtException: Compact JWT strings may not contain whitespace.
	at io.jsonwebtoken.impl.JwtTokenizer.tokenize(JwtTokenizer.java:67) ~[jjwt-impl-0.12.6.jar:0.12.6]
	at io.jsonwebtoken.impl.DefaultJwtParser.parse(DefaultJwtParser.java:372) ~[jjwt-impl-0.12.6.jar:0.12.6]
	at io.jsonwebtoken.impl.DefaultJwtParser.parse(DefaultJwtParser.java:364) ~[jjwt-impl-0.12.6.jar:0.12.6]
	at io.jsonwebtoken.impl.DefaultJwtParser.parse(DefaultJwtParser.java:94) ~[jjwt-impl-0.12.6.jar:0.12.6]
	at io.jsonwebtoken.impl.io.AbstractParser.parse(AbstractParser.java:36) ~[jjwt-impl-0.12.6.jar:0.12.6]
	at io.jsonwebtoken.impl.io.AbstractParser.parse(AbstractParser.java:29) ~[jjwt-impl-0.12.6.jar:0.12.6]
	at io.jsonwebtoken.impl.DefaultJwtParser.parseSignedClaims(DefaultJwtParser.java:830) ~[jjwt-impl-0.12.6.jar:0.12.6]
	at com.example.flipkart.Utilities.JwtUtil.extractAllClaims(JwtUtil.java:92) ~[classes/:na]
	at com.example.flipkart.Utilities.JwtUtil.extractUsername(JwtUtil.java:80) ~[classes/:na]
	at com.example.flipkart.Security.JwtRequestFilter.doFilterInternal(JwtRequestFilter.java:35) ~[classes/:na]
	at org.springframework.web.filter.OncePerRequestFilter.doFilter(OncePerRequestFilter.java:116) ~[spring-web-6.2.7.jar:6.2.7]
	at org.springframework.security.web.ObservationFilterChainDecorator$ObservationFilter.wrapFilter(ObservationFilterChainDecorator.java:240) ~[spring-security-web-6.5.0.jar:6.5.0]
	at org.springframework.security.web.ObservationFilterChainDecorator$ObservationFilter.doFilter(ObservationFilterChainDecorator.java:227) ~[spring-security-web-6.5.0.jar:6.5.0]
	at org.springframework.security.web.ObservationFilterChainDecorator$VirtualFilterChain.doFilter(ObservationFilterChainDecorator.java:137) ~[spring-security-web-6.5.0.jar:6.5.0]
	at org.springframework.security.web.authentication.logout.LogoutFilter.doFilter(LogoutFilter.java:107) ~[spring-security-web-6.5.0.jar:6.5.0]
	at org.springframework.security.web.authentication.logout.LogoutFilter.doFilter(LogoutFilter.java:93) ~[spring-security-web-6.5.0.jar:6.5.0]
	at org.springframework.security.web.ObservationFilterChainDecorator$ObservationFilter.wrapFilter(ObservationFilterChainDecorator.java:240) ~[spring-security-web-6.5.0.jar:6.5.0]
	at org.springframework.security.web.ObservationFilterChainDecorator$ObservationFilter.doFilter(ObservationFilterChainDecorator.java:227) ~[spring-security-web-6.5.0.jar:6.5.0]
	at org.springframework.security.web.ObservationFilterChainDecorator$VirtualFilterChain.doFilter(ObservationFilterChainDecorator.java:137) ~[spring-security-web-6.5.0.jar:6.5.0]
	at org.springframework.security.web.header.HeaderWriterFilter.doHeadersAfter(HeaderWriterFilter.java:90) ~[spring-security-web-6.5.0.jar:6.5.0]
	at org.springframework.security.web.header.HeaderWriterFilter.doFilterInternal(HeaderWriterFilter.java:75) ~[spring-security-web-6.5.0.jar:6.5.0]
	at org.springframework.web.filter.OncePerRequestFilter.doFilter(OncePerRequestFilter.java:116) ~[spring-web-6.2.7.jar:6.2.7]
	at org.springframework.security.web.ObservationFilterChainDecorator$ObservationFilter.wrapFilter(ObservationFilterChainDecorator.java:240) ~[spring-security-web-6.5.0.jar:6.5.0]
	at org.springframework.security.web.ObservationFilterChainDecorator$ObservationFilter.doFilter(ObservationFilterChainDecorator.java:227) ~[spring-security-web-6.5.0.jar:6.5.0]
	at org.springframework.security.web.ObservationFilterChainDecorator$VirtualFilterChain.doFilter(ObservationFilterChainDecorator.java:137) ~[spring-security-web-6.5.0.jar:6.5.0]
	at org.springframework.security.web.context.SecurityContextHolderFilter.doFilter(SecurityContextHolderFilter.java:82) ~[spring-security-web-6.5.0.jar:6.5.0]
	at org.springframework.security.web.context.SecurityContextHolderFilter.doFilter(SecurityContextHolderFilter.java:69) ~[spring-security-web-6.5.0.jar:6.5.0]
	at org.springframework.security.web.ObservationFilterChainDecorator$ObservationFilter.wrapFilter(ObservationFilterChainDecorator.java:240) ~[spring-security-web-6.5.0.jar:6.5.0]
	at org.springframework.security.web.ObservationFilterChainDecorator$ObservationFilter.doFilter(ObservationFilterChainDecorator.java:227) ~[spring-security-web-6.5.0.jar:6.5.0]
	at org.springframework.security.web.ObservationFilterChainDecorator$VirtualFilterChain.doFilter(ObservationFilterChainDecorator.java:137) ~[spring-security-web-6.5.0.jar:6.5.0]
	at org.springframework.security.web.context.request.async.WebAsyncManagerIntegrationFilter.doFilterInternal(WebAsyncManagerIntegrationFilter.java:62) ~[spring-security-web-6.5.0.jar:6.5.0]
	at org.springframework.web.filter.OncePerRequestFilter.doFilter(OncePerRequestFilter.java:116) ~[spring-web-6.2.7.jar:6.2.7]
	at org.springframework.security.web.ObservationFilterChainDecorator$ObservationFilter.wrapFilter(ObservationFilterChainDecorator.java:240) ~[spring-security-web-6.5.0.jar:6.5.0]
	at org.springframework.security.web.ObservationFilterChainDecorator$ObservationFilter.doFilter(ObservationFilterChainDecorator.java:227) ~[spring-security-web-6.5.0.jar:6.5.0]
	at org.springframework.security.web.ObservationFilterChainDecorator$VirtualFilterChain.doFilter(ObservationFilterChainDecorator.java:137) ~[spring-security-web-6.5.0.jar:6.5.0]
	at org.springframework.security.web.session.DisableEncodeUrlFilter.doFilterInternal(DisableEncodeUrlFilter.java:42) ~[spring-security-web-6.5.0.jar:6.5.0]
	at org.springframework.web.filter.OncePerRequestFilter.doFilter(OncePerRequestFilter.java:116) ~[spring-web-6.2.7.jar:6.2.7]
	at org.springframework.security.web.ObservationFilterChainDecorator$ObservationFilter.wrapFilter(ObservationFilterChainDecorator.java:240) ~[spring-security-web-6.5.0.jar:6.5.0]
	at org.springframework.security.web.ObservationFilterChainDecorator$AroundFilterObservation$SimpleAroundFilterObservation.lambda$wrap$0(ObservationFilterChainDecorator.java:323) ~[spring-security-web-6.5.0.jar:6.5.0]
	at org.springframework.security.web.ObservationFilterChainDecorator$ObservationFilter.doFilter(ObservationFilterChainDecorator.java:224) ~[spring-security-web-6.5.0.jar:6.5.0]
	at org.springframework.security.web.ObservationFilterChainDecorator$VirtualFilterChain.doFilter(ObservationFilterChainDecorator.java:137) ~[spring-security-web-6.5.0.jar:6.5.0]
	at org.springframework.security.web.FilterChainProxy.doFilterInternal(FilterChainProxy.java:233) ~[spring-security-web-6.5.0.jar:6.5.0]
	at org.springframework.security.web.FilterChainProxy.doFilter(FilterChainProxy.java:191) ~[spring-security-web-6.5.0.jar:6.5.0]
	at org.springframework.web.filter.CompositeFilter$VirtualFilterChain.doFilter(CompositeFilter.java:113) ~[spring-web-6.2.7.jar:6.2.7]
	at org.springframework.web.filter.ServletRequestPathFilter.doFilter(ServletRequestPathFilter.java:52) ~[spring-web-6.2.7.jar:6.2.7]
	at org.springframework.web.filter.CompositeFilter$VirtualFilterChain.doFilter(CompositeFilter.java:113) ~[spring-web-6.2.7.jar:6.2.7]
	at org.springframework.web.filter.CompositeFilter.doFilter(CompositeFilter.java:74) ~[spring-web-6.2.7.jar:6.2.7]
	at org.springframework.security.config.annotation.web.configuration.WebSecurityConfiguration$CompositeFilterChainProxy.doFilter(WebSecurityConfiguration.java:319) ~[spring-security-config-6.5.0.jar:6.5.0]
	at org.springframework.web.filter.CompositeFilter$VirtualFilterChain.doFilter(CompositeFilter.java:113) ~[spring-web-6.2.7.jar:6.2.7]
	at org.springframework.web.servlet.handler.HandlerMappingIntrospector.lambda$createCacheFilter$3(HandlerMappingIntrospector.java:243) ~[spring-webmvc-6.2.7.jar:6.2.7]
	at org.springframework.web.filter.CompositeFilter$VirtualFilterChain.doFilter(CompositeFilter.java:113) ~[spring-web-6.2.7.jar:6.2.7]
	at org.springframework.web.filter.CompositeFilter.doFilter(CompositeFilter.java:74) ~[spring-web-6.2.7.jar:6.2.7]
	at org.springframework.security.config.annotation.web.configuration.WebMvcSecurityConfiguration$CompositeFilterChainProxy.doFilter(WebMvcSecurityConfiguration.java:240) ~[spring-security-config-6.5.0.jar:6.5.0]
	at org.springframework.web.filter.DelegatingFilterProxy.invokeDelegate(DelegatingFilterProxy.java:362) ~[spring-web-6.2.7.jar:6.2.7]
	at org.springframework.web.filter.DelegatingFilterProxy.doFilter(DelegatingFilterProxy.java:278) ~[spring-web-6.2.7.jar:6.2.7]
	at org.apache.catalina.core.ApplicationFilterChain.internalDoFilter(ApplicationFilterChain.java:164) ~[tomcat-embed-core-10.1.41.jar:10.1.41]
	at org.apache.catalina.core.ApplicationFilterChain.doFilter(ApplicationFilterChain.java:140) ~[tomcat-embed-core-10.1.41.jar:10.1.41]
	at org.springframework.web.filter.RequestContextFilter.doFilterInternal(RequestContextFilter.java:100) ~[spring-web-6.2.7.jar:6.2.7]
	at org.springframework.web.filter.OncePerRequestFilter.doFilter(OncePerRequestFilter.java:116) ~[spring-web-6.2.7.jar:6.2.7]
	at org.apache.catalina.core.ApplicationFilterChain.internalDoFilter(ApplicationFilterChain.java:164) ~[tomcat-embed-core-10.1.41.jar:10.1.41]
	at org.apache.catalina.core.ApplicationFilterChain.doFilter(ApplicationFilterChain.java:140) ~[tomcat-embed-core-10.1.41.jar:10.1.41]
	at org.springframework.web.filter.FormContentFilter.doFilterInternal(FormContentFilter.java:93) ~[spring-web-6.2.7.jar:6.2.7]
	at org.springframework.web.filter.OncePerRequestFilter.doFilter(OncePerRequestFilter.java:116) ~[spring-web-6.2.7.jar:6.2.7]
	at org.apache.catalina.core.ApplicationFilterChain.internalDoFilter(ApplicationFilterChain.java:164) ~[tomcat-embed-core-10.1.41.jar:10.1.41]
	at org.apache.catalina.core.ApplicationFilterChain.doFilter(ApplicationFilterChain.java:140) ~[tomcat-embed-core-10.1.41.jar:10.1.41]
	at org.springframework.web.filter.ServerHttpObservationFilter.doFilterInternal(ServerHttpObservationFilter.java:114) ~[spring-web-6.2.7.jar:6.2.7]
	at org.springframework.web.filter.OncePerRequestFilter.doFilter(OncePerRequestFilter.java:116) ~[spring-web-6.2.7.jar:6.2.7]
	at org.apache.catalina.core.ApplicationFilterChain.internalDoFilter(ApplicationFilterChain.java:164) ~[tomcat-embed-core-10.1.41.jar:10.1.41]
	at org.apache.catalina.core.ApplicationFilterChain.doFilter(ApplicationFilterChain.java:140) ~[tomcat-embed-core-10.1.41.jar:10.1.41]
	at org.springframework.web.filter.CharacterEncodingFilter.doFilterInternal(CharacterEncodingFilter.java:201) ~[spring-web-6.2.7.jar:6.2.7]
	at org.springframework.web.filter.OncePerRequestFilter.doFilter(OncePerRequestFilter.java:116) ~[spring-web-6.2.7.jar:6.2.7]
	at org.apache.catalina.core.ApplicationFilterChain.internalDoFilter(ApplicationFilterChain.java:164) ~[tomcat-embed-core-10.1.41.jar:10.1.41]
	at org.apache.catalina.core.ApplicationFilterChain.doFilter(ApplicationFilterChain.java:140) ~[tomcat-embed-core-10.1.41.jar:10.1.41]
	at org.apache.catalina.core.StandardWrapperValve.invoke(StandardWrapperValve.java:167) ~[tomcat-embed-core-10.1.41.jar:10.1.41]
	at org.apache.catalina.core.StandardContextValve.invoke(StandardContextValve.java:90) ~[tomcat-embed-core-10.1.41.jar:10.1.41]
	at org.apache.catalina.authenticator.AuthenticatorBase.invoke(AuthenticatorBase.java:483) ~[tomcat-embed-core-10.1.41.jar:10.1.41]
	at org.apache.catalina.core.StandardHostValve.invoke(StandardHostValve.java:116) ~[tomcat-embed-core-10.1.41.jar:10.1.41]
	at org.apache.catalina.valves.ErrorReportValve.invoke(ErrorReportValve.java:93) ~[tomcat-embed-core-10.1.41.jar:10.1.41]
	at org.apache.catalina.core.StandardEngineValve.invoke(StandardEngineValve.java:74) ~[tomcat-embed-core-10.1.41.jar:10.1.41]
	at org.apache.catalina.connector.CoyoteAdapter.service(CoyoteAdapter.java:344) ~[tomcat-embed-core-10.1.41.jar:10.1.41]
	at org.apache.coyote.http11.Http11Processor.service(Http11Processor.java:398) ~[tomcat-embed-core-10.1.41.jar:10.1.41]
	at org.apache.coyote.AbstractProcessorLight.process(AbstractProcessorLight.java:63) ~[tomcat-embed-core-10.1.41.jar:10.1.41]
	at org.apache.coyote.AbstractProtocol$ConnectionHandler.process(AbstractProtocol.java:903) ~[tomcat-embed-core-10.1.41.jar:10.1.41]
	at org.apache.tomcat.util.net.NioEndpoint$SocketProcessor.doRun(NioEndpoint.java:1740) ~[tomcat-embed-core-10.1.41.jar:10.1.41]
	at org.apache.tomcat.util.net.SocketProcessorBase.run(SocketProcessorBase.java:52) ~[tomcat-embed-core-10.1.41.jar:10.1.41]
	at org.apache.tomcat.util.threads.ThreadPoolExecutor.runWorker(ThreadPoolExecutor.java:1189) ~[tomcat-embed-core-10.1.41.jar:10.1.41]
	at org.apache.tomcat.util.threads.ThreadPoolExecutor$Worker.run(ThreadPoolExecutor.java:658) ~[tomcat-embed-core-10.1.41.jar:10.1.41]
	at org.apache.tomcat.util.threads.TaskThread$WrappingRunnable.run(TaskThread.java:63) ~[tomcat-embed-core-10.1.41.jar:10.1.41]
	at java.base/java.lang.Thread.run(Thread.java:1575) ~[na:na]

2025-06-20T11:52:18.484+05:30  INFO 7716 --- [flipkart] [SpringApplicationShutdownHook] o.s.b.w.e.tomcat.GracefulShutdown        : Commencing graceful shutdown. Waiting for active requests to complete
2025-06-20T11:52:18.491+05:30  INFO 7716 --- [flipkart] [tomcat-shutdown] o.s.b.w.e.tomcat.GracefulShutdown        : Graceful shutdown complete
2025-06-20T11:52:18.504+05:30  INFO 7716 --- [flipkart] [SpringApplicationShutdownHook] j.LocalContainerEntityManagerFactoryBean : Closing JPA EntityManagerFactory for persistence unit 'default'
2025-06-20T11:52:18.509+05:30  INFO 7716 --- [flipkart] [SpringApplicationShutdownHook] com.zaxxer.hikari.HikariDataSource       : HikariPool-1 - Shutdown initiated...
2025-06-20T11:52:18.523+05:30  INFO 7716 --- [flipkart] [SpringApplicationShutdownHook] com.zaxxer.hikari.HikariDataSource       : HikariPool-1 - Shutdown completed.
2025-06-20T11:52:23.714+05:30  INFO 16992 --- [flipkart] [main] c.example.flipkart.FlipkartApplication   : Starting FlipkartApplication using Java 23.0.1 with PID 16992 (C:\Users\Neosoft\Downloads\flipkart\flipkart\target\classes started by Neosoft in C:\Users\Neosoft\Downloads\flipkart\flipkart)
2025-06-20T11:52:23.719+05:30 DEBUG 16992 --- [flipkart] [main] c.example.flipkart.FlipkartApplication   : Running with Spring Boot v3.5.0, Spring v6.2.7
2025-06-20T11:52:23.721+05:30  INFO 16992 --- [flipkart] [main] c.example.flipkart.FlipkartApplication   : No active profile set, falling back to 1 default profile: "default"
2025-06-20T11:52:27.766+05:30  INFO 16992 --- [flipkart] [main] .s.d.r.c.RepositoryConfigurationDelegate : Bootstrapping Spring Data JPA repositories in DEFAULT mode.
2025-06-20T11:52:27.949+05:30  INFO 16992 --- [flipkart] [main] .s.d.r.c.RepositoryConfigurationDelegate : Finished Spring Data repository scanning in 156 ms. Found 3 JPA repository interfaces.
2025-06-20T11:52:29.945+05:30  INFO 16992 --- [flipkart] [main] o.s.b.w.embedded.tomcat.TomcatWebServer  : Tomcat initialized with port 8080 (http)
2025-06-20T11:52:29.985+05:30  INFO 16992 --- [flipkart] [main] o.apache.catalina.core.StandardService   : Starting service [Tomcat]
2025-06-20T11:52:29.986+05:30  INFO 16992 --- [flipkart] [main] o.apache.catalina.core.StandardEngine    : Starting Servlet engine: [Apache Tomcat/10.1.41]
2025-06-20T11:52:30.196+05:30  INFO 16992 --- [flipkart] [main] o.a.c.c.C.[Tomcat].[localhost].[/]       : Initializing Spring embedded WebApplicationContext
2025-06-20T11:52:30.198+05:30  INFO 16992 --- [flipkart] [main] w.s.c.ServletWebServerApplicationContext : Root WebApplicationContext: initialization completed in 6260 ms
2025-06-20T11:52:30.963+05:30  INFO 16992 --- [flipkart] [main] o.hibernate.jpa.internal.util.LogHelper  : HHH000204: Processing PersistenceUnitInfo [name: default]
2025-06-20T11:52:31.136+05:30  INFO 16992 --- [flipkart] [main] org.hibernate.Version                    : HHH000412: Hibernate ORM core version 6.6.15.Final
2025-06-20T11:52:31.256+05:30  INFO 16992 --- [flipkart] [main] o.h.c.internal.RegionFactoryInitiator    : HHH000026: Second-level cache disabled
2025-06-20T11:52:32.211+05:30  INFO 16992 --- [flipkart] [main] o.s.o.j.p.SpringPersistenceUnitInfo      : No LoadTimeWeaver setup: ignoring JPA class transformer
2025-06-20T11:52:32.315+05:30  INFO 16992 --- [flipkart] [main] com.zaxxer.hikari.HikariDataSource       : HikariPool-1 - Starting...
2025-06-20T11:52:33.280+05:30  INFO 16992 --- [flipkart] [main] com.zaxxer.hikari.pool.HikariPool        : HikariPool-1 - Added connection com.mysql.cj.jdbc.ConnectionImpl@254cc548
2025-06-20T11:52:33.288+05:30  INFO 16992 --- [flipkart] [main] com.zaxxer.hikari.HikariDataSource       : HikariPool-1 - Start completed.
2025-06-20T11:52:33.406+05:30  WARN 16992 --- [flipkart] [main] org.hibernate.orm.deprecation            : HHH90000025: MySQLDialect does not need to be specified explicitly using 'hibernate.dialect' (remove the property setting and it will be selected by default)
2025-06-20T11:52:33.482+05:30  INFO 16992 --- [flipkart] [main] org.hibernate.orm.connections.pooling    : HHH10001005: Database info:
	Database JDBC URL [Connecting through datasource 'HikariDataSource (HikariPool-1)']
	Database driver: undefined/unknown
	Database version: 8.0.40
	Autocommit mode: undefined/unknown
	Isolation level: undefined/unknown
	Minimum pool size: undefined/unknown
	Maximum pool size: undefined/unknown
2025-06-20T11:52:35.504+05:30  INFO 16992 --- [flipkart] [main] o.h.e.t.j.p.i.JtaPlatformInitiator       : HHH000489: No JTA platform available (set 'hibernate.transaction.jta.platform' to enable JTA platform integration)
2025-06-20T11:52:35.684+05:30  INFO 16992 --- [flipkart] [main] j.LocalContainerEntityManagerFactoryBean : Initialized JPA EntityManagerFactory for persistence unit 'default'
2025-06-20T11:52:36.593+05:30 DEBUG 16992 --- [flipkart] [main] c.e.flipkart.Security.JwtRequestFilter   : Filter 'jwtRequestFilter' configured for use
2025-06-20T11:52:36.734+05:30  INFO 16992 --- [flipkart] [main] r$InitializeUserDetailsManagerConfigurer : Global AuthenticationManager configured with UserDetailsService bean with name customUserDetailsService
2025-06-20T11:52:36.847+05:30  INFO 16992 --- [flipkart] [main] o.s.d.j.r.query.QueryEnhancerFactory     : Hibernate is in classpath; If applicable, HQL parser will be used.
2025-06-20T11:52:38.258+05:30  WARN 16992 --- [flipkart] [main] JpaBaseConfiguration$JpaWebConfiguration : spring.jpa.open-in-view is enabled by default. Therefore, database queries may be performed during view rendering. Explicitly configure spring.jpa.open-in-view to disable this warning
2025-06-20T11:52:39.258+05:30  INFO 16992 --- [flipkart] [main] o.s.b.a.e.web.EndpointLinksResolver      : Exposing 14 endpoints beneath base path '/actuator'
2025-06-20T11:52:40.005+05:30  WARN 16992 --- [flipkart] [main] i.m.c.i.b.cache.CaffeineCacheMetrics     : The cache 'products' is not recording statistics. No meters except 'cache.size' will be registered. Call 'Caffeine#recordStats()' prior to building the cache for metrics to be recorded.
2025-06-20T11:52:40.331+05:30  INFO 16992 --- [flipkart] [main] o.s.b.w.embedded.tomcat.TomcatWebServer  : Tomcat started on port 8080 (http) with context path '/'
2025-06-20T11:52:40.367+05:30  INFO 16992 --- [flipkart] [main] c.example.flipkart.FlipkartApplication   : Started FlipkartApplication in 18.324 seconds (process running for 19.902)
2025-06-20T11:52:40.372+05:30  INFO 16992 --- [flipkart] [SpringApplicationShutdownHook] o.s.b.w.e.tomcat.GracefulShutdown        : Commencing graceful shutdown. Waiting for active requests to complete
2025-06-20T11:52:40.384+05:30  INFO 16992 --- [flipkart] [tomcat-shutdown] o.s.b.w.e.tomcat.GracefulShutdown        : Graceful shutdown complete
2025-06-20T11:52:40.401+05:30  INFO 16992 --- [flipkart] [SpringApplicationShutdownHook] j.LocalContainerEntityManagerFactoryBean : Closing JPA EntityManagerFactory for persistence unit 'default'
2025-06-20T11:52:40.410+05:30  INFO 16992 --- [flipkart] [SpringApplicationShutdownHook] com.zaxxer.hikari.HikariDataSource       : HikariPool-1 - Shutdown initiated...
2025-06-20T11:52:40.440+05:30  INFO 16992 --- [flipkart] [SpringApplicationShutdownHook] com.zaxxer.hikari.HikariDataSource       : HikariPool-1 - Shutdown completed.
2025-06-20T11:52:45.111+05:30  INFO 16720 --- [flipkart] [main] c.example.flipkart.FlipkartApplication   : Starting FlipkartApplication using Java 23.0.1 with PID 16720 (C:\Users\Neosoft\Downloads\flipkart\flipkart\target\classes started by Neosoft in C:\Users\Neosoft\Downloads\flipkart\flipkart)
2025-06-20T11:52:45.120+05:30 DEBUG 16720 --- [flipkart] [main] c.example.flipkart.FlipkartApplication   : Running with Spring Boot v3.5.0, Spring v6.2.7
2025-06-20T11:52:45.126+05:30  INFO 16720 --- [flipkart] [main] c.example.flipkart.FlipkartApplication   : No active profile set, falling back to 1 default profile: "default"
2025-06-20T11:52:49.072+05:30  INFO 16720 --- [flipkart] [main] .s.d.r.c.RepositoryConfigurationDelegate : Bootstrapping Spring Data JPA repositories in DEFAULT mode.
2025-06-20T11:52:49.246+05:30  INFO 16720 --- [flipkart] [main] .s.d.r.c.RepositoryConfigurationDelegate : Finished Spring Data repository scanning in 146 ms. Found 3 JPA repository interfaces.
2025-06-20T11:52:50.898+05:30  INFO 16720 --- [flipkart] [main] o.s.b.w.embedded.tomcat.TomcatWebServer  : Tomcat initialized with port 8080 (http)
2025-06-20T11:52:50.936+05:30  INFO 16720 --- [flipkart] [main] o.apache.catalina.core.StandardService   : Starting service [Tomcat]
2025-06-20T11:52:50.936+05:30  INFO 16720 --- [flipkart] [main] o.apache.catalina.core.StandardEngine    : Starting Servlet engine: [Apache Tomcat/10.1.41]
2025-06-20T11:52:51.102+05:30  INFO 16720 --- [flipkart] [main] o.a.c.c.C.[Tomcat].[localhost].[/]       : Initializing Spring embedded WebApplicationContext
2025-06-20T11:52:51.106+05:30  INFO 16720 --- [flipkart] [main] w.s.c.ServletWebServerApplicationContext : Root WebApplicationContext: initialization completed in 5675 ms
2025-06-20T11:52:51.722+05:30  INFO 16720 --- [flipkart] [main] o.hibernate.jpa.internal.util.LogHelper  : HHH000204: Processing PersistenceUnitInfo [name: default]
2025-06-20T11:52:51.854+05:30  INFO 16720 --- [flipkart] [main] org.hibernate.Version                    : HHH000412: Hibernate ORM core version 6.6.15.Final
2025-06-20T11:52:51.960+05:30  INFO 16720 --- [flipkart] [main] o.h.c.internal.RegionFactoryInitiator    : HHH000026: Second-level cache disabled
2025-06-20T11:52:52.686+05:30  INFO 16720 --- [flipkart] [main] o.s.o.j.p.SpringPersistenceUnitInfo      : No LoadTimeWeaver setup: ignoring JPA class transformer
2025-06-20T11:52:52.765+05:30  INFO 16720 --- [flipkart] [main] com.zaxxer.hikari.HikariDataSource       : HikariPool-1 - Starting...
2025-06-20T11:52:53.648+05:30  INFO 16720 --- [flipkart] [main] com.zaxxer.hikari.pool.HikariPool        : HikariPool-1 - Added connection com.mysql.cj.jdbc.ConnectionImpl@1d0f7bcf
2025-06-20T11:52:53.654+05:30  INFO 16720 --- [flipkart] [main] com.zaxxer.hikari.HikariDataSource       : HikariPool-1 - Start completed.
2025-06-20T11:52:53.762+05:30  WARN 16720 --- [flipkart] [main] org.hibernate.orm.deprecation            : HHH90000025: MySQLDialect does not need to be specified explicitly using 'hibernate.dialect' (remove the property setting and it will be selected by default)
2025-06-20T11:52:53.845+05:30  INFO 16720 --- [flipkart] [main] org.hibernate.orm.connections.pooling    : HHH10001005: Database info:
	Database JDBC URL [Connecting through datasource 'HikariDataSource (HikariPool-1)']
	Database driver: undefined/unknown
	Database version: 8.0.40
	Autocommit mode: undefined/unknown
	Isolation level: undefined/unknown
	Minimum pool size: undefined/unknown
	Maximum pool size: undefined/unknown
2025-06-20T11:52:56.119+05:30  INFO 16720 --- [flipkart] [main] o.h.e.t.j.p.i.JtaPlatformInitiator       : HHH000489: No JTA platform available (set 'hibernate.transaction.jta.platform' to enable JTA platform integration)
2025-06-20T11:52:56.262+05:30  INFO 16720 --- [flipkart] [main] j.LocalContainerEntityManagerFactoryBean : Initialized JPA EntityManagerFactory for persistence unit 'default'
2025-06-20T11:52:57.136+05:30 DEBUG 16720 --- [flipkart] [main] c.e.flipkart.Security.JwtRequestFilter   : Filter 'jwtRequestFilter' configured for use
2025-06-20T11:52:57.304+05:30  INFO 16720 --- [flipkart] [main] r$InitializeUserDetailsManagerConfigurer : Global AuthenticationManager configured with UserDetailsService bean with name customUserDetailsService
2025-06-20T11:52:57.448+05:30  INFO 16720 --- [flipkart] [main] o.s.d.j.r.query.QueryEnhancerFactory     : Hibernate is in classpath; If applicable, HQL parser will be used.
2025-06-20T11:52:58.965+05:30  WARN 16720 --- [flipkart] [main] JpaBaseConfiguration$JpaWebConfiguration : spring.jpa.open-in-view is enabled by default. Therefore, database queries may be performed during view rendering. Explicitly configure spring.jpa.open-in-view to disable this warning
2025-06-20T11:53:00.174+05:30  INFO 16720 --- [flipkart] [main] o.s.b.a.e.web.EndpointLinksResolver      : Exposing 14 endpoints beneath base path '/actuator'
2025-06-20T11:53:01.091+05:30  WARN 16720 --- [flipkart] [main] i.m.c.i.b.cache.CaffeineCacheMetrics     : The cache 'products' is not recording statistics. No meters except 'cache.size' will be registered. Call 'Caffeine#recordStats()' prior to building the cache for metrics to be recorded.
2025-06-20T11:53:01.908+05:30  INFO 16720 --- [flipkart] [main] o.s.b.w.embedded.tomcat.TomcatWebServer  : Tomcat started on port 8080 (http) with context path '/'
2025-06-20T11:53:01.961+05:30  INFO 16720 --- [flipkart] [main] c.example.flipkart.FlipkartApplication   : Started FlipkartApplication in 18.418 seconds (process running for 19.616)
2025-06-20T11:53:25.229+05:30  INFO 16720 --- [flipkart] [http-nio-8080-exec-1] o.a.c.c.C.[Tomcat].[localhost].[/]       : Initializing Spring DispatcherServlet 'dispatcherServlet'
2025-06-20T11:53:25.230+05:30  INFO 16720 --- [flipkart] [http-nio-8080-exec-1] o.s.web.servlet.DispatcherServlet        : Initializing Servlet 'dispatcherServlet'
2025-06-20T11:53:25.232+05:30  INFO 16720 --- [flipkart] [http-nio-8080-exec-1] o.s.web.servlet.DispatcherServlet        : Completed initialization in 1 ms
2025-06-20T11:58:07.342+05:30  WARN 16720 --- [flipkart] [HikariPool-1:housekeeper] com.zaxxer.hikari.pool.HikariPool        : HikariPool-1 - Thread starvation or clock leap detected (housekeeper delta=57s695ms238µs800ns).
2025-06-20T11:59:18.766+05:30  WARN 16720 --- [flipkart] [HikariPool-1:housekeeper] com.zaxxer.hikari.pool.HikariPool        : HikariPool-1 - Thread starvation or clock leap detected (housekeeper delta=1m11s425ms69µs900ns).
2025-06-20T12:03:38.271+05:30  WARN 16720 --- [flipkart] [HikariPool-1:housekeeper] com.zaxxer.hikari.pool.HikariPool        : HikariPool-1 - Thread starvation or clock leap detected (housekeeper delta=4m19s505ms115µs100ns).
2025-06-20T12:07:18.928+05:30  INFO 16720 --- [flipkart] [SpringApplicationShutdownHook] o.s.b.w.e.tomcat.GracefulShutdown        : Commencing graceful shutdown. Waiting for active requests to complete
2025-06-20T12:07:18.937+05:30  INFO 16720 --- [flipkart] [tomcat-shutdown] o.s.b.w.e.tomcat.GracefulShutdown        : Graceful shutdown complete
2025-06-20T12:07:18.949+05:30  INFO 16720 --- [flipkart] [SpringApplicationShutdownHook] j.LocalContainerEntityManagerFactoryBean : Closing JPA EntityManagerFactory for persistence unit 'default'
2025-06-20T12:07:18.955+05:30  INFO 16720 --- [flipkart] [SpringApplicationShutdownHook] com.zaxxer.hikari.HikariDataSource       : HikariPool-1 - Shutdown initiated...
2025-06-20T12:07:18.973+05:30  INFO 16720 --- [flipkart] [SpringApplicationShutdownHook] com.zaxxer.hikari.HikariDataSource       : HikariPool-1 - Shutdown completed.
2025-06-20T12:07:33.341+05:30  INFO 7520 --- [flipkart] [main] c.example.flipkart.FlipkartApplication   : Starting FlipkartApplication using Java 23.0.1 with PID 7520 (C:\Users\Neosoft\Downloads\flipkart\flipkart\target\classes started by Neosoft in C:\Users\Neosoft\Downloads\flipkart\flipkart)
2025-06-20T12:07:33.345+05:30 DEBUG 7520 --- [flipkart] [main] c.example.flipkart.FlipkartApplication   : Running with Spring Boot v3.5.0, Spring v6.2.7
2025-06-20T12:07:33.347+05:30  INFO 7520 --- [flipkart] [main] c.example.flipkart.FlipkartApplication   : No active profile set, falling back to 1 default profile: "default"
2025-06-20T12:07:37.101+05:30  INFO 7520 --- [flipkart] [main] .s.d.r.c.RepositoryConfigurationDelegate : Bootstrapping Spring Data JPA repositories in DEFAULT mode.
2025-06-20T12:07:37.397+05:30  INFO 7520 --- [flipkart] [main] .s.d.r.c.RepositoryConfigurationDelegate : Finished Spring Data repository scanning in 268 ms. Found 3 JPA repository interfaces.
2025-06-20T12:07:39.399+05:30  INFO 7520 --- [flipkart] [main] o.s.b.w.embedded.tomcat.TomcatWebServer  : Tomcat initialized with port 8080 (http)
2025-06-20T12:07:39.431+05:30  INFO 7520 --- [flipkart] [main] o.apache.catalina.core.StandardService   : Starting service [Tomcat]
2025-06-20T12:07:39.432+05:30  INFO 7520 --- [flipkart] [main] o.apache.catalina.core.StandardEngine    : Starting Servlet engine: [Apache Tomcat/10.1.41]
2025-06-20T12:07:39.623+05:30  INFO 7520 --- [flipkart] [main] o.a.c.c.C.[Tomcat].[localhost].[/]       : Initializing Spring embedded WebApplicationContext
2025-06-20T12:07:39.629+05:30  INFO 7520 --- [flipkart] [main] w.s.c.ServletWebServerApplicationContext : Root WebApplicationContext: initialization completed in 6048 ms
2025-06-20T12:07:40.324+05:30  INFO 7520 --- [flipkart] [main] o.hibernate.jpa.internal.util.LogHelper  : HHH000204: Processing PersistenceUnitInfo [name: default]
2025-06-20T12:07:40.465+05:30  INFO 7520 --- [flipkart] [main] org.hibernate.Version                    : HHH000412: Hibernate ORM core version 6.6.15.Final
2025-06-20T12:07:40.569+05:30  INFO 7520 --- [flipkart] [main] o.h.c.internal.RegionFactoryInitiator    : HHH000026: Second-level cache disabled
2025-06-20T12:07:41.336+05:30  INFO 7520 --- [flipkart] [main] o.s.o.j.p.SpringPersistenceUnitInfo      : No LoadTimeWeaver setup: ignoring JPA class transformer
2025-06-20T12:07:41.433+05:30  INFO 7520 --- [flipkart] [main] com.zaxxer.hikari.HikariDataSource       : HikariPool-1 - Starting...
2025-06-20T12:07:42.209+05:30  INFO 7520 --- [flipkart] [main] com.zaxxer.hikari.pool.HikariPool        : HikariPool-1 - Added connection com.mysql.cj.jdbc.ConnectionImpl@ba86c53
2025-06-20T12:07:42.213+05:30  INFO 7520 --- [flipkart] [main] com.zaxxer.hikari.HikariDataSource       : HikariPool-1 - Start completed.
2025-06-20T12:07:42.325+05:30  WARN 7520 --- [flipkart] [main] org.hibernate.orm.deprecation            : HHH90000025: MySQLDialect does not need to be specified explicitly using 'hibernate.dialect' (remove the property setting and it will be selected by default)
2025-06-20T12:07:42.402+05:30  INFO 7520 --- [flipkart] [main] org.hibernate.orm.connections.pooling    : HHH10001005: Database info:
	Database JDBC URL [Connecting through datasource 'HikariDataSource (HikariPool-1)']
	Database driver: undefined/unknown
	Database version: 8.0.40
	Autocommit mode: undefined/unknown
	Isolation level: undefined/unknown
	Minimum pool size: undefined/unknown
	Maximum pool size: undefined/unknown
2025-06-20T12:07:44.589+05:30  INFO 7520 --- [flipkart] [main] o.h.e.t.j.p.i.JtaPlatformInitiator       : HHH000489: No JTA platform available (set 'hibernate.transaction.jta.platform' to enable JTA platform integration)
2025-06-20T12:07:44.755+05:30  INFO 7520 --- [flipkart] [main] j.LocalContainerEntityManagerFactoryBean : Initialized JPA EntityManagerFactory for persistence unit 'default'
2025-06-20T12:07:45.950+05:30 DEBUG 7520 --- [flipkart] [main] c.e.flipkart.Security.JwtRequestFilter   : Filter 'jwtRequestFilter' configured for use
2025-06-20T12:07:46.109+05:30  INFO 7520 --- [flipkart] [main] r$InitializeUserDetailsManagerConfigurer : Global AuthenticationManager configured with UserDetailsService bean with name customUserDetailsService
2025-06-20T12:07:46.282+05:30  INFO 7520 --- [flipkart] [main] o.s.d.j.r.query.QueryEnhancerFactory     : Hibernate is in classpath; If applicable, HQL parser will be used.
2025-06-20T12:07:48.200+05:30  WARN 7520 --- [flipkart] [main] JpaBaseConfiguration$JpaWebConfiguration : spring.jpa.open-in-view is enabled by default. Therefore, database queries may be performed during view rendering. Explicitly configure spring.jpa.open-in-view to disable this warning
2025-06-20T12:07:49.533+05:30  INFO 7520 --- [flipkart] [main] o.s.b.a.e.web.EndpointLinksResolver      : Exposing 14 endpoints beneath base path '/actuator'
2025-06-20T12:07:50.347+05:30  WARN 7520 --- [flipkart] [main] i.m.c.i.b.cache.CaffeineCacheMetrics     : The cache 'products' is not recording statistics. No meters except 'cache.size' will be registered. Call 'Caffeine#recordStats()' prior to building the cache for metrics to be recorded.
2025-06-20T12:07:50.721+05:30  INFO 7520 --- [flipkart] [main] o.s.b.w.embedded.tomcat.TomcatWebServer  : Tomcat started on port 8080 (http) with context path '/'
2025-06-20T12:07:50.769+05:30  INFO 7520 --- [flipkart] [main] c.example.flipkart.FlipkartApplication   : Started FlipkartApplication in 18.832 seconds (process running for 21.12)
2025-06-20T12:08:08.020+05:30  INFO 7520 --- [flipkart] [http-nio-8080-exec-2] o.a.c.c.C.[Tomcat].[localhost].[/]       : Initializing Spring DispatcherServlet 'dispatcherServlet'
2025-06-20T12:08:08.021+05:30  INFO 7520 --- [flipkart] [http-nio-8080-exec-2] o.s.web.servlet.DispatcherServlet        : Initializing Servlet 'dispatcherServlet'
2025-06-20T12:08:08.023+05:30  INFO 7520 --- [flipkart] [http-nio-8080-exec-2] o.s.web.servlet.DispatcherServlet        : Completed initialization in 2 ms
2025-06-20T12:09:41.375+05:30  INFO 7520 --- [flipkart] [SpringApplicationShutdownHook] o.s.b.w.e.tomcat.GracefulShutdown        : Commencing graceful shutdown. Waiting for active requests to complete
2025-06-20T12:09:41.382+05:30  INFO 7520 --- [flipkart] [tomcat-shutdown] o.s.b.w.e.tomcat.GracefulShutdown        : Graceful shutdown complete
2025-06-20T12:09:41.392+05:30  INFO 7520 --- [flipkart] [SpringApplicationShutdownHook] j.LocalContainerEntityManagerFactoryBean : Closing JPA EntityManagerFactory for persistence unit 'default'
2025-06-20T12:09:41.398+05:30  INFO 7520 --- [flipkart] [SpringApplicationShutdownHook] com.zaxxer.hikari.HikariDataSource       : HikariPool-1 - Shutdown initiated...
2025-06-20T12:09:41.419+05:30  INFO 7520 --- [flipkart] [SpringApplicationShutdownHook] com.zaxxer.hikari.HikariDataSource       : HikariPool-1 - Shutdown completed.
2025-06-20T12:09:53.082+05:30  INFO 17576 --- [flipkart] [main] c.example.flipkart.FlipkartApplication   : Starting FlipkartApplication using Java 23.0.1 with PID 17576 (C:\Users\Neosoft\Downloads\flipkart\flipkart\target\classes started by Neosoft in C:\Users\Neosoft\Downloads\flipkart\flipkart)
2025-06-20T12:09:53.088+05:30 DEBUG 17576 --- [flipkart] [main] c.example.flipkart.FlipkartApplication   : Running with Spring Boot v3.5.0, Spring v6.2.7
2025-06-20T12:09:53.090+05:30  INFO 17576 --- [flipkart] [main] c.example.flipkart.FlipkartApplication   : No active profile set, falling back to 1 default profile: "default"
2025-06-20T12:09:56.398+05:30  INFO 17576 --- [flipkart] [main] .s.d.r.c.RepositoryConfigurationDelegate : Bootstrapping Spring Data JPA repositories in DEFAULT mode.
2025-06-20T12:09:56.550+05:30  INFO 17576 --- [flipkart] [main] .s.d.r.c.RepositoryConfigurationDelegate : Finished Spring Data repository scanning in 127 ms. Found 3 JPA repository interfaces.
2025-06-20T12:09:58.023+05:30  INFO 17576 --- [flipkart] [main] o.s.b.w.embedded.tomcat.TomcatWebServer  : Tomcat initialized with port 8080 (http)
2025-06-20T12:09:58.135+05:30  INFO 17576 --- [flipkart] [main] o.apache.catalina.core.StandardService   : Starting service [Tomcat]
2025-06-20T12:09:58.136+05:30  INFO 17576 --- [flipkart] [main] o.apache.catalina.core.StandardEngine    : Starting Servlet engine: [Apache Tomcat/10.1.41]
2025-06-20T12:09:58.318+05:30  INFO 17576 --- [flipkart] [main] o.a.c.c.C.[Tomcat].[localhost].[/]       : Initializing Spring embedded WebApplicationContext
2025-06-20T12:09:58.319+05:30  INFO 17576 --- [flipkart] [main] w.s.c.ServletWebServerApplicationContext : Root WebApplicationContext: initialization completed in 5013 ms
2025-06-20T12:09:58.895+05:30  INFO 17576 --- [flipkart] [main] o.hibernate.jpa.internal.util.LogHelper  : HHH000204: Processing PersistenceUnitInfo [name: default]
2025-06-20T12:09:59.028+05:30  INFO 17576 --- [flipkart] [main] org.hibernate.Version                    : HHH000412: Hibernate ORM core version 6.6.15.Final
2025-06-20T12:09:59.126+05:30  INFO 17576 --- [flipkart] [main] o.h.c.internal.RegionFactoryInitiator    : HHH000026: Second-level cache disabled
2025-06-20T12:09:59.852+05:30  INFO 17576 --- [flipkart] [main] o.s.o.j.p.SpringPersistenceUnitInfo      : No LoadTimeWeaver setup: ignoring JPA class transformer
2025-06-20T12:09:59.927+05:30  INFO 17576 --- [flipkart] [main] com.zaxxer.hikari.HikariDataSource       : HikariPool-1 - Starting...
2025-06-20T12:10:00.815+05:30  INFO 17576 --- [flipkart] [main] com.zaxxer.hikari.pool.HikariPool        : HikariPool-1 - Added connection com.mysql.cj.jdbc.ConnectionImpl@4258106
2025-06-20T12:10:00.819+05:30  INFO 17576 --- [flipkart] [main] com.zaxxer.hikari.HikariDataSource       : HikariPool-1 - Start completed.
2025-06-20T12:10:00.936+05:30  WARN 17576 --- [flipkart] [main] org.hibernate.orm.deprecation            : HHH90000025: MySQLDialect does not need to be specified explicitly using 'hibernate.dialect' (remove the property setting and it will be selected by default)
2025-06-20T12:10:00.999+05:30  INFO 17576 --- [flipkart] [main] org.hibernate.orm.connections.pooling    : HHH10001005: Database info:
	Database JDBC URL [Connecting through datasource 'HikariDataSource (HikariPool-1)']
	Database driver: undefined/unknown
	Database version: 8.0.40
	Autocommit mode: undefined/unknown
	Isolation level: undefined/unknown
	Minimum pool size: undefined/unknown
	Maximum pool size: undefined/unknown
2025-06-20T12:10:03.222+05:30  INFO 17576 --- [flipkart] [main] o.h.e.t.j.p.i.JtaPlatformInitiator       : HHH000489: No JTA platform available (set 'hibernate.transaction.jta.platform' to enable JTA platform integration)
2025-06-20T12:10:03.367+05:30  INFO 17576 --- [flipkart] [main] j.LocalContainerEntityManagerFactoryBean : Initialized JPA EntityManagerFactory for persistence unit 'default'
2025-06-20T12:10:04.041+05:30 DEBUG 17576 --- [flipkart] [main] c.e.flipkart.Security.JwtRequestFilter   : Filter 'jwtRequestFilter' configured for use
2025-06-20T12:10:04.173+05:30  INFO 17576 --- [flipkart] [main] r$InitializeUserDetailsManagerConfigurer : Global AuthenticationManager configured with UserDetailsService bean with name customUserDetailsService
2025-06-20T12:10:04.290+05:30  INFO 17576 --- [flipkart] [main] o.s.d.j.r.query.QueryEnhancerFactory     : Hibernate is in classpath; If applicable, HQL parser will be used.
2025-06-20T12:10:06.059+05:30  WARN 17576 --- [flipkart] [main] JpaBaseConfiguration$JpaWebConfiguration : spring.jpa.open-in-view is enabled by default. Therefore, database queries may be performed during view rendering. Explicitly configure spring.jpa.open-in-view to disable this warning
2025-06-20T12:10:07.115+05:30  INFO 17576 --- [flipkart] [main] o.s.b.a.e.web.EndpointLinksResolver      : Exposing 14 endpoints beneath base path '/actuator'
2025-06-20T12:10:07.851+05:30  WARN 17576 --- [flipkart] [main] i.m.c.i.b.cache.CaffeineCacheMetrics     : The cache 'products' is not recording statistics. No meters except 'cache.size' will be registered. Call 'Caffeine#recordStats()' prior to building the cache for metrics to be recorded.
2025-06-20T12:10:08.151+05:30  INFO 17576 --- [flipkart] [main] o.s.b.w.embedded.tomcat.TomcatWebServer  : Tomcat started on port 8080 (http) with context path '/'
2025-06-20T12:10:08.189+05:30  INFO 17576 --- [flipkart] [main] c.example.flipkart.FlipkartApplication   : Started FlipkartApplication in 16.536 seconds (process running for 17.559)
2025-06-20T12:10:15.519+05:30  INFO 17576 --- [flipkart] [http-nio-8080-exec-1] o.a.c.c.C.[Tomcat].[localhost].[/]       : Initializing Spring DispatcherServlet 'dispatcherServlet'
2025-06-20T12:10:15.520+05:30  INFO 17576 --- [flipkart] [http-nio-8080-exec-1] o.s.web.servlet.DispatcherServlet        : Initializing Servlet 'dispatcherServlet'
2025-06-20T12:10:15.523+05:30  INFO 17576 --- [flipkart] [http-nio-8080-exec-1] o.s.web.servlet.DispatcherServlet        : Completed initialization in 3 ms
2025-06-20T12:11:35.895+05:30 DEBUG 17576 --- [flipkart] [http-nio-8080-exec-8] c.e.flipkart.Service.ProductService      : inside createProduct.... product created : com.example.flipkart.Entity.Product@6de7f7a5
2025-06-20T13:08:29.013+05:30  INFO 17576 --- [flipkart] [SpringApplicationShutdownHook] o.s.b.w.e.tomcat.GracefulShutdown        : Commencing graceful shutdown. Waiting for active requests to complete
2025-06-20T13:08:29.023+05:30  INFO 17576 --- [flipkart] [tomcat-shutdown] o.s.b.w.e.tomcat.GracefulShutdown        : Graceful shutdown complete
2025-06-20T13:08:29.037+05:30  INFO 17576 --- [flipkart] [SpringApplicationShutdownHook] j.LocalContainerEntityManagerFactoryBean : Closing JPA EntityManagerFactory for persistence unit 'default'
2025-06-20T13:08:29.042+05:30  INFO 17576 --- [flipkart] [SpringApplicationShutdownHook] com.zaxxer.hikari.HikariDataSource       : HikariPool-1 - Shutdown initiated...
2025-06-20T13:08:29.052+05:30  INFO 17576 --- [flipkart] [SpringApplicationShutdownHook] com.zaxxer.hikari.HikariDataSource       : HikariPool-1 - Shutdown completed.
2025-06-20T13:08:33.879+05:30  INFO 15728 --- [flipkart] [main] c.example.flipkart.FlipkartApplication   : Starting FlipkartApplication using Java 23.0.1 with PID 15728 (C:\Users\Neosoft\Downloads\flipkart\flipkart\target\classes started by Neosoft in C:\Users\Neosoft\Downloads\flipkart\flipkart)
2025-06-20T13:08:33.888+05:30 DEBUG 15728 --- [flipkart] [main] c.example.flipkart.FlipkartApplication   : Running with Spring Boot v3.5.0, Spring v6.2.7
2025-06-20T13:08:33.892+05:30  INFO 15728 --- [flipkart] [main] c.example.flipkart.FlipkartApplication   : No active profile set, falling back to 1 default profile: "default"
2025-06-20T13:08:37.463+05:30  INFO 15728 --- [flipkart] [main] .s.d.r.c.RepositoryConfigurationDelegate : Bootstrapping Spring Data JPA repositories in DEFAULT mode.
2025-06-20T13:08:37.623+05:30  INFO 15728 --- [flipkart] [main] .s.d.r.c.RepositoryConfigurationDelegate : Finished Spring Data repository scanning in 135 ms. Found 3 JPA repository interfaces.
2025-06-20T13:08:39.016+05:30  INFO 15728 --- [flipkart] [main] o.s.b.w.embedded.tomcat.TomcatWebServer  : Tomcat initialized with port 8080 (http)
2025-06-20T13:08:39.247+05:30  INFO 15728 --- [flipkart] [main] w.s.c.ServletWebServerApplicationContext : Root WebApplicationContext: initialization completed in 5076 ms
2025-06-20T13:08:39.739+05:30  INFO 15728 --- [flipkart] [main] o.hibernate.jpa.internal.util.LogHelper  : HHH000204: Processing PersistenceUnitInfo [name: default]
2025-06-20T13:08:39.855+05:30  INFO 15728 --- [flipkart] [main] org.hibernate.Version                    : HHH000412: Hibernate ORM core version 6.6.15.Final
2025-06-20T13:08:39.928+05:30  INFO 15728 --- [flipkart] [main] o.h.c.internal.RegionFactoryInitiator    : HHH000026: Second-level cache disabled
2025-06-20T13:08:40.579+05:30  INFO 15728 --- [flipkart] [main] o.s.o.j.p.SpringPersistenceUnitInfo      : No LoadTimeWeaver setup: ignoring JPA class transformer
2025-06-20T13:08:40.645+05:30  INFO 15728 --- [flipkart] [main] com.zaxxer.hikari.HikariDataSource       : HikariPool-1 - Starting...
2025-06-20T13:08:41.398+05:30  INFO 15728 --- [flipkart] [main] com.zaxxer.hikari.pool.HikariPool        : HikariPool-1 - Added connection com.mysql.cj.jdbc.ConnectionImpl@118e2487
2025-06-20T13:08:41.403+05:30  INFO 15728 --- [flipkart] [main] com.zaxxer.hikari.HikariDataSource       : HikariPool-1 - Start completed.
2025-06-20T13:08:41.508+05:30  WARN 15728 --- [flipkart] [main] org.hibernate.orm.deprecation            : HHH90000025: MySQLDialect does not need to be specified explicitly using 'hibernate.dialect' (remove the property setting and it will be selected by default)
2025-06-20T13:08:41.560+05:30  INFO 15728 --- [flipkart] [main] org.hibernate.orm.connections.pooling    : HHH10001005: Database info:
	Database JDBC URL [Connecting through datasource 'HikariDataSource (HikariPool-1)']
	Database driver: undefined/unknown
	Database version: 8.0.40
	Autocommit mode: undefined/unknown
	Isolation level: undefined/unknown
	Minimum pool size: undefined/unknown
	Maximum pool size: undefined/unknown
2025-06-20T13:08:43.415+05:30  INFO 15728 --- [flipkart] [main] o.h.e.t.j.p.i.JtaPlatformInitiator       : HHH000489: No JTA platform available (set 'hibernate.transaction.jta.platform' to enable JTA platform integration)
2025-06-20T13:08:43.531+05:30  INFO 15728 --- [flipkart] [main] j.LocalContainerEntityManagerFactoryBean : Initialized JPA EntityManagerFactory for persistence unit 'default'
2025-06-20T13:08:44.178+05:30 DEBUG 15728 --- [flipkart] [main] c.e.flipkart.Security.JwtRequestFilter   : Filter 'jwtRequestFilter' configured for use
2025-06-20T13:08:44.344+05:30  INFO 15728 --- [flipkart] [main] r$InitializeUserDetailsManagerConfigurer : Global AuthenticationManager configured with UserDetailsService bean with name customUserDetailsService
2025-06-20T13:08:44.463+05:30  INFO 15728 --- [flipkart] [main] o.s.d.j.r.query.QueryEnhancerFactory     : Hibernate is in classpath; If applicable, HQL parser will be used.
2025-06-20T13:08:46.045+05:30  WARN 15728 --- [flipkart] [main] JpaBaseConfiguration$JpaWebConfiguration : spring.jpa.open-in-view is enabled by default. Therefore, database queries may be performed during view rendering. Explicitly configure spring.jpa.open-in-view to disable this warning
2025-06-20T13:08:46.986+05:30  INFO 15728 --- [flipkart] [main] o.s.b.a.e.web.EndpointLinksResolver      : Exposing 14 endpoints beneath base path '/actuator'
2025-06-20T13:08:47.686+05:30  WARN 15728 --- [flipkart] [main] i.m.c.i.b.cache.CaffeineCacheMetrics     : The cache 'products' is not recording statistics. No meters except 'cache.size' will be registered. Call 'Caffeine#recordStats()' prior to building the cache for metrics to be recorded.
2025-06-20T13:08:48.114+05:30  INFO 15728 --- [flipkart] [main] o.s.b.w.embedded.tomcat.TomcatWebServer  : Tomcat started on port 8080 (http) with context path '/'
2025-06-20T13:08:48.157+05:30  INFO 15728 --- [flipkart] [main] c.example.flipkart.FlipkartApplication   : Started FlipkartApplication in 15.886 seconds (process running for 16.989)
2025-06-20T13:08:48.165+05:30  INFO 15728 --- [flipkart] [SpringApplicationShutdownHook] o.s.b.w.e.tomcat.GracefulShutdown        : Commencing graceful shutdown. Waiting for active requests to complete
2025-06-20T13:08:48.197+05:30  INFO 15728 --- [flipkart] [tomcat-shutdown] o.s.b.w.e.tomcat.GracefulShutdown        : Graceful shutdown complete
2025-06-20T13:08:48.218+05:30  INFO 15728 --- [flipkart] [SpringApplicationShutdownHook] j.LocalContainerEntityManagerFactoryBean : Closing JPA EntityManagerFactory for persistence unit 'default'
2025-06-20T13:08:48.232+05:30  INFO 15728 --- [flipkart] [SpringApplicationShutdownHook] com.zaxxer.hikari.HikariDataSource       : HikariPool-1 - Shutdown initiated...
2025-06-20T13:08:48.262+05:30  INFO 15728 --- [flipkart] [SpringApplicationShutdownHook] com.zaxxer.hikari.HikariDataSource       : HikariPool-1 - Shutdown completed.
